Seniority,Purchase_Propensity,CompanySize,Contactable,Action
3,0,81,1,0
5,1,344,0,0
6,1,352,1,0
0,1,347,0,0
6,0,548,1,1
4,0,40,1,0
7,1,711,1,1
1,0,1019,0,0
9,0,137,0,0
0,2,444,0,0
8,0,136,1,1
4,2,850,2,0
3,0,686,0,0
3,0,1218,0,0
0,0,62,0,0
7,1,626,1,1
0,0,744,1,0
8,1,321,1,1
0,1,1443,1,0
1,1,1063,2,0
0,1,432,1,0
5,0,823,2,0
2,0,646,0,0
0,2,1469,2,0
5,1,1070,2,0
0,0,154,1,0
3,1,230,1,0
0,2,80,2,0
6,0,654,0,0
0,1,1357,2,0
3,0,1186,2,0
4,0,1488,2,0
2,1,971,2,0
5,2,418,0,0
5,2,506,0,0
2,2,1184,1,1
4,2,1072,1,1
2,2,1376,1,1
5,2,1034,0,0
6,1,40,2,0
0,1,762,0,0
2,2,1458,2,0
3,0,1436,1,0
8,2,277,1,1
6,2,1226,1,1
9,0,808,2,0
7,0,30,2,0
2,1,1032,0,0
0,1,896,0,0
0,0,1198,1,0
9,2,454,2,0
0,1,583,0,0
7,0,568,0,0
9,0,128,0,0
5,1,81,1,0
8,1,342,0,0
7,1,537,2,0
8,0,848,0,0
8,1,1436,2,0
1,0,781,0,0
4,2,1377,0,0
4,0,1251,2,0
8,1,715,2,0
6,0,1297,2,0
9,2,197,0,0
3,0,123,0,0
0,1,434,0,0
9,0,297,0,0
2,2,890,2,0
0,0,477,0,0
3,2,488,1,0
0,0,297,1,0
8,1,1461,2,0
2,0,1264,1,0
4,2,936,2,0
2,0,370,0,0
3,0,705,1,0
3,0,6,0,0
7,1,1425,0,0
1,1,641,0,0
6,1,736,0,0
8,0,524,0,0
8,0,222,1,1
1,1,369,0,0
6,2,499,1,1
5,0,157,1,0
1,0,464,1,0
1,0,335,2,0
9,2,248,0,0
8,1,1312,1,1
1,2,635,0,0
0,0,1318,1,0
4,0,1462,1,1
8,2,647,2,0
9,1,208,1,1
1,0,388,2,0
9,0,612,1,1
3,2,54,0,0
4,2,486,1,1
7,0,901,1,1
8,0,495,0,0
7,0,1488,1,1
7,2,1135,1,1
0,2,151,0,0
7,0,414,2,0
1,1,319,0,0
4,0,169,1,0
3,2,306,1,0
4,0,1290,0,0
0,2,349,0,0
4,2,7,2,0
5,1,373,1,0
1,0,552,2,0
8,2,1394,2,0
4,0,860,0,0
8,2,1035,2,0
2,1,1400,1,0
2,1,554,0,0
3,0,1258,0,0
4,2,1178,0,0
0,0,412,0,0
2,2,545,1,1
8,0,599,2,0
6,0,48,0,0
7,1,1134,1,1
3,2,702,0,0
0,1,536,2,0
5,1,90,1,0
4,2,513,0,0
9,0,153,2,0
6,0,1181,2,0
4,1,380,1,0
4,2,1363,0,0
4,0,1380,0,0
4,2,1421,0,0
6,0,1226,0,0
6,2,201,0,0
3,1,740,0,0
5,0,816,1,1
7,1,85,2,0
1,2,1486,2,0
0,0,990,0,0
1,2,471,1,0
1,0,1235,0,0
8,0,615,0,0
1,0,776,0,0
8,1,177,0,0
7,1,611,0,0
4,1,1447,1,1
4,1,201,0,0
0,0,913,0,0
5,1,140,0,0
2,1,465,1,0
3,1,1068,1,0
4,0,48,0,0
6,1,252,1,0
7,0,1229,2,0
5,0,1370,0,0
9,0,958,2,0
1,0,515,1,0
0,2,649,1,1
0,1,977,0,0
5,2,592,0,0
9,0,1386,1,1
0,2,628,2,0
2,2,1438,0,0
7,1,57,1,1
1,2,1073,0,0
2,1,683,0,0
0,0,1316,2,0
3,1,602,2,0
7,2,814,2,0
6,0,1147,0,0
8,0,972,2,0
6,2,698,2,0
5,1,580,1,1
9,0,52,2,0
5,2,719,2,0
1,0,931,1,0
6,1,173,2,0
7,2,777,1,1
4,0,630,2,0
0,2,905,2,0
6,2,1181,0,0
7,1,763,0,0
5,2,200,0,0
7,1,0,1,1
6,2,909,0,0
4,0,854,2,0
9,1,630,1,1
7,1,412,0,0
6,0,1367,2,0
2,2,1166,0,0
6,0,484,2,0
8,1,55,0,0
3,1,707,1,0
4,0,698,2,0
2,1,302,0,0
4,2,108,2,0
2,2,1195,0,0
8,2,1116,1,1
1,1,1468,0,0
2,0,696,0,0
4,0,715,1,1
7,2,85,2,0
6,2,1285,0,0
7,1,1315,0,0
4,1,1344,2,0
0,1,711,2,0
9,1,160,2,0
6,1,1106,1,1
1,1,756,0,0
2,1,1494,0,0
0,2,871,1,1
1,1,760,1,0
9,2,594,0,0
8,0,66,1,1
7,0,146,1,1
5,2,1090,0,0
8,1,1392,0,0
9,2,937,1,1
3,2,427,1,0
2,1,453,2,0
3,2,646,2,0
6,1,220,1,0
4,1,169,0,0
5,1,915,1,1
0,0,1243,1,0
4,0,901,0,0
5,1,683,1,1
4,0,274,0,0
7,1,727,0,0
3,0,1448,0,0
6,1,1034,2,0
7,1,1209,2,0
8,1,940,2,0
2,0,218,2,0
7,0,818,1,1
6,0,56,1,0
3,1,652,2,0
5,1,529,1,1
6,0,1286,0,0
0,0,1394,1,0
7,2,757,0,0
0,0,989,1,0
4,2,1106,2,0
3,2,1127,1,1
1,0,150,2,0
0,1,1157,1,0
8,0,168,2,0
1,0,34,0,0
6,0,698,1,1
9,2,269,0,0
0,0,670,1,0
6,2,382,0,0
3,1,772,0,0
6,1,289,0,0
9,0,521,2,0
1,2,94,1,0
9,1,67,1,1
0,2,99,0,0
5,2,353,1,1
3,1,195,1,0
9,0,727,1,1
4,1,955,1,1
9,2,1261,0,0
8,1,487,1,1
6,0,757,2,0
9,1,1249,2,0
7,0,1372,1,1
0,1,718,1,0
4,2,1487,2,0
5,0,781,0,0
5,2,1285,0,0
4,0,763,0,0
8,2,1242,2,0
5,0,395,0,0
8,1,160,0,0
3,2,364,0,0
9,2,834,0,0
7,0,1487,0,0
5,1,1360,2,0
9,2,1049,2,0
1,1,1432,0,0
1,1,296,1,0
3,1,1062,0,0
3,1,142,2,0
0,1,1270,0,0
4,1,907,2,0
5,0,407,0,0
8,1,636,0,0
9,1,963,1,1
1,0,305,1,0
7,1,712,0,0
4,1,1186,1,1
8,1,360,1,1
3,1,1415,1,0
2,0,44,1,0
9,0,222,1,1
8,2,192,2,0
1,1,616,2,0
8,1,654,2,0
4,0,1154,2,0
4,0,1092,0,0
1,0,1499,0,0
0,0,1116,0,0
2,1,398,2,0
4,1,1301,2,0
7,2,488,1,1
7,2,1012,1,1
6,2,260,0,0
7,1,88,1,1
7,1,654,1,1
9,2,1375,0,0
9,0,911,0,0
2,0,896,0,0
7,2,1122,0,0
0,2,698,2,0
8,0,682,2,0
3,0,583,0,0
4,1,540,0,0
0,2,929,2,0
7,2,408,1,1
7,1,1130,1,1
2,1,58,1,0
3,2,752,1,1
8,1,1048,0,0
8,0,1459,0,0
8,0,274,2,0
7,2,185,2,0
9,1,1120,2,0
4,2,1040,1,1
4,1,840,1,1
6,0,1449,1,1
3,2,1021,2,0
7,0,1215,2,0
5,0,808,0,0
3,1,210,0,0
3,1,1299,0,0
3,2,1469,0,0
9,0,286,1,1
3,1,196,1,0
9,2,753,1,1
6,0,579,2,0
8,2,973,1,1
0,1,1294,1,0
0,1,1499,2,0
4,1,1369,2,0
0,2,741,0,0
1,2,692,1,1
9,2,213,0,0
2,0,254,2,0
6,2,57,1,1
6,1,586,0,0
5,1,979,2,0
9,0,700,2,0
2,0,351,1,0
1,1,1382,2,0
3,0,247,1,0
1,1,381,2,0
1,1,478,1,0
1,0,942,0,0
9,0,659,2,0
1,1,1312,2,0
3,0,42,2,0
6,0,324,0,0
8,2,382,0,0
5,0,1038,2,0
1,2,1074,0,0
0,0,633,1,0
2,0,1125,0,0
3,0,804,0,0
4,0,451,2,0
4,0,471,0,0
6,2,691,0,0
8,2,911,1,1
4,2,448,0,0
2,0,492,1,0
9,1,121,0,0
6,1,1069,0,0
4,2,1275,0,0
4,2,558,2,0
9,0,521,0,0
1,2,952,0,0
9,0,466,0,0
8,1,573,2,0
4,1,257,0,0
2,1,637,0,0
0,1,1410,1,0
8,0,1419,2,0
7,2,1250,1,1
7,0,21,0,0
0,2,332,2,0
1,2,184,2,0
3,1,926,2,0
4,0,1305,2,0
6,1,260,2,0
7,0,468,2,0
9,1,49,2,0
2,0,368,0,0
5,0,519,2,0
2,1,172,0,0
9,0,259,2,0
8,0,1477,1,1
9,2,1073,0,0
5,1,102,0,0
4,2,192,2,0
1,0,506,2,0
0,1,111,1,0
3,2,320,2,0
3,0,1180,2,0
8,1,330,1,1
2,0,621,2,0
0,2,1092,0,0
9,0,323,2,0
0,2,801,0,0
3,0,601,2,0
8,2,446,2,0
1,2,1378,0,0
7,2,116,0,0
6,2,6,0,0
4,2,1235,1,1
7,1,17,0,0
7,2,826,0,0
9,1,906,1,1
9,1,1155,1,1
6,1,734,1,1
6,2,138,1,1
2,2,1181,1,1
3,2,251,2,0
8,0,697,0,0
1,0,974,1,0
5,0,421,1,0
9,1,459,0,0
6,2,1125,2,0
8,0,477,0,0
9,0,24,2,0
2,0,110,0,0
9,1,450,0,0
1,0,944,0,0
9,1,447,1,1
9,2,977,1,1
4,1,1142,0,0
7,2,1373,0,0
6,2,621,0,0
8,1,686,2,0
3,1,428,2,0
9,2,47,0,0
3,2,824,0,0
0,0,230,0,0
3,2,494,2,0
1,2,1146,0,0
5,1,108,1,0
6,2,514,1,1
2,2,1438,0,0
3,1,76,2,0
7,1,259,2,0
7,1,317,0,0
6,1,456,0,0
2,0,577,2,0
0,2,71,0,0
6,0,338,1,0
6,1,352,0,0
7,0,78,0,0
7,0,1470,2,0
2,2,135,0,0
2,0,319,1,0
0,2,63,2,0
2,2,1487,1,1
7,2,259,2,0
8,2,382,0,0
6,1,626,0,0
9,1,1166,0,0
0,2,608,1,1
6,1,1038,1,1
6,0,76,1,0
9,1,694,2,0
8,2,873,0,0
8,0,1233,0,0
2,0,1410,0,0
2,0,111,2,0
6,2,413,2,0
5,0,93,0,0
7,0,1285,1,1
5,0,981,1,1
9,1,798,2,0
5,0,1486,2,0
2,2,192,2,0
7,0,43,2,0
1,2,494,0,0
0,1,1027,1,0
0,2,397,1,0
7,0,1115,1,1
1,2,1341,1,1
3,2,1481,0,0
4,1,1466,0,0
6,2,1138,2,0
5,1,1393,0,0
7,2,770,2,0
5,2,201,1,1
4,1,199,2,0
0,0,306,1,0
1,0,820,0,0
1,0,574,2,0
3,0,479,0,0
2,2,757,2,0
6,1,152,2,0
0,1,504,2,0
0,0,1434,1,0
6,1,1103,2,0
5,2,991,0,0
9,2,1274,2,0
4,0,989,0,0
2,1,1285,1,0
4,2,426,1,1
4,2,1098,0,0
7,2,322,2,0
5,0,1068,2,0
5,2,1033,1,1
3,1,603,1,0
1,2,1042,1,1
2,1,826,2,0
1,1,480,2,0
1,2,574,0,0
4,2,678,1,1
6,2,526,1,1
9,0,731,2,0
4,1,173,2,0
5,1,824,2,0
6,1,68,2,0
7,0,1099,2,0
9,2,249,0,0
8,0,906,1,1
6,1,1182,2,0
8,0,390,0,0
1,1,1256,1,0
0,1,541,0,0
7,0,622,0,0
5,2,144,2,0
4,2,476,2,0
5,1,686,0,0
2,1,1346,0,0
8,0,248,1,1
5,0,1410,2,0
1,0,1191,2,0
1,1,161,0,0
9,1,1189,2,0
9,2,152,1,1
0,0,120,0,0
4,0,652,1,1
9,0,688,0,0
2,0,455,0,0
6,1,1408,2,0
4,1,546,1,1
7,2,1080,0,0
8,0,410,2,0
6,1,473,0,0
9,0,755,2,0
1,2,1051,2,0
9,0,1028,0,0
2,1,1483,2,0
1,1,954,2,0
8,1,76,2,0
6,2,868,1,1
3,0,1127,0,0
0,0,1423,2,0
8,2,1296,0,0
2,1,1426,1,0
0,1,1163,2,0
8,2,424,1,1
7,2,446,1,1
6,0,1414,0,0
1,0,100,2,0
9,2,1140,1,1
8,2,194,2,0
1,1,116,0,0
0,0,948,1,0
5,0,530,0,0
0,1,437,0,0
5,0,103,2,0
8,2,220,2,0
1,1,1408,1,0
9,0,955,2,0
4,1,554,1,1
4,2,895,2,0
6,0,130,2,0
7,1,19,2,0
7,1,672,2,0
4,2,810,2,0
7,0,176,0,0
3,0,1430,2,0
5,0,1485,0,0
5,2,545,2,0
6,2,81,1,1
3,0,371,0,0
1,2,782,0,0
2,1,1161,1,0
5,2,1408,0,0
1,0,1268,2,0
4,2,707,1,1
5,1,660,2,0
5,2,1087,0,0
6,0,1280,1,1
2,2,239,2,0
3,2,105,2,0
9,0,1077,0,0
8,1,505,1,1
9,2,1415,1,1
3,1,1403,1,0
2,0,395,0,0
3,1,325,0,0
5,2,1198,0,0
1,2,1184,2,0
4,0,611,1,1
9,2,52,2,0
6,1,587,2,0
7,0,190,0,0
3,2,823,2,0
2,1,877,2,0
1,0,1243,2,0
8,1,1488,0,0
2,0,587,0,0
8,1,355,0,0
1,1,1225,0,0
2,2,1292,2,0
4,0,1244,1,1
6,1,102,2,0
4,2,30,2,0
9,2,891,2,0
1,1,613,2,0
8,2,371,2,0
8,0,720,2,0
9,0,723,2,0
0,2,983,0,0
7,0,406,0,0
8,0,1303,1,1
3,2,532,0,0
6,1,511,0,0
9,1,288,0,0
5,1,695,2,0
6,0,36,0,0
9,1,722,0,0
7,1,1098,1,1
8,1,1067,0,0
9,1,1405,2,0
9,2,279,0,0
8,1,233,1,1
5,1,1047,2,0
0,1,1387,2,0
5,1,267,2,0
0,2,651,2,0
4,1,495,2,0
5,1,1346,0,0
1,0,725,2,0
3,0,967,1,0
1,0,1435,2,0
8,2,321,1,1
2,2,1440,1,1
6,2,503,2,0
6,1,1289,1,1
8,1,261,0,0
7,1,960,1,1
0,1,512,0,0
3,1,522,1,0
5,1,611,1,1
5,0,1331,2,0
4,1,1041,0,0
4,2,370,0,0
7,1,349,0,0
9,0,1147,0,0
3,0,555,1,0
6,1,1374,1,1
3,1,523,1,0
3,1,1479,2,0
8,0,500,2,0
4,1,668,2,0
1,0,1498,0,0
8,1,1165,1,1
7,0,359,1,1
4,1,1211,2,0
6,1,1240,1,1
2,1,629,1,0
3,1,939,1,0
3,1,1116,1,0
2,2,937,0,0
2,0,868,2,0
6,1,1410,1,1
3,2,647,2,0
0,2,110,0,0
4,0,661,2,0
9,1,1172,0,0
3,0,450,0,0
3,0,1003,1,0
4,1,941,0,0
7,1,1327,0,0
6,2,1134,2,0
4,2,953,0,0
2,2,1140,1,1
1,2,634,2,0
9,1,1303,0,0
8,0,325,1,1
6,0,547,2,0
5,2,155,1,1
5,1,1404,2,0
0,0,1097,0,0
5,1,231,2,0
2,0,287,0,0
6,1,1250,1,1
8,0,745,0,0
8,2,1342,2,0
9,2,251,0,0
9,0,1418,2,0
2,0,1053,1,0
1,1,349,2,0
6,0,491,2,0
8,1,508,0,0
5,1,219,2,0
5,2,1015,0,0
1,2,1378,0,0
8,1,1070,1,1
5,0,97,1,0
4,1,277,2,0
7,1,542,0,0
0,0,1211,1,0
4,0,1047,1,1
7,2,161,0,0
3,1,1314,1,0
3,0,513,2,0
8,0,1451,2,0
1,0,1457,1,0
2,2,236,2,0
4,0,1420,0,0
3,1,335,2,0
2,0,929,1,0
2,0,229,1,0
7,1,1313,2,0
4,2,1289,2,0
2,0,1154,1,0
7,0,1004,0,0
5,2,793,2,0
2,2,1402,0,0
6,2,604,2,0
7,2,349,2,0
5,1,310,2,0
8,1,421,2,0
2,1,1262,1,0
1,2,39,2,0
1,1,587,0,0
2,0,1280,0,0
7,2,1303,1,1
6,2,203,0,0
3,0,461,1,0
7,1,230,1,1
1,0,1389,0,0
5,2,1143,1,1
7,0,614,0,0
5,0,1485,2,0
3,0,921,2,0
3,1,693,0,0
6,2,1220,1,1
7,2,607,0,0
7,0,1365,0,0
8,2,939,1,1
5,1,297,2,0
9,1,1120,0,0
9,1,593,0,0
2,2,566,0,0
3,0,165,1,0
8,2,190,0,0
8,0,127,2,0
7,1,1083,1,1
5,1,1115,0,0
7,0,1108,1,1
8,0,955,1,1
8,2,518,0,0
1,1,1229,2,0
9,1,1434,0,0
0,1,578,1,0
5,0,1162,2,0
3,2,985,2,0
7,1,1105,1,1
7,2,1101,0,0
1,2,763,2,0
8,0,80,0,0
8,1,785,2,0
0,2,506,2,0
6,2,1123,2,0
7,0,1080,0,0
9,1,1349,2,0
4,0,1351,1,1
1,2,647,2,0
7,1,745,1,1
4,0,918,0,0
2,2,842,0,0
3,2,210,0,0
8,1,639,0,0
9,0,1455,0,0
1,2,804,0,0
5,0,94,2,0
9,0,813,0,0
8,2,907,2,0
7,1,1310,0,0
9,1,17,2,0
3,1,1039,0,0
4,1,261,1,0
4,0,398,2,0
1,0,553,1,0
7,0,686,0,0
2,2,308,1,0
5,1,1166,2,0
6,2,469,1,1
0,0,288,1,0
0,0,104,0,0
0,0,582,2,0
3,1,49,0,0
9,1,1206,0,0
2,2,799,1,1
7,0,1032,0,0
3,1,25,0,0
0,2,1126,1,1
2,0,1186,0,0
7,0,1210,0,0
5,0,355,1,0
3,2,771,2,0
2,1,285,2,0
9,1,1259,0,0
6,2,819,1,1
0,0,206,2,0
5,2,598,0,0
6,1,203,1,0
3,2,842,1,1
9,1,1008,0,0
8,2,809,0,0
6,2,993,2,0
8,0,45,2,0
2,0,825,1,0
3,1,211,1,0
2,1,218,2,0
6,2,555,2,0
3,0,1361,2,0
7,2,1352,2,0
8,1,1443,0,0
5,0,1163,1,1
3,0,364,0,0
8,2,640,0,0
5,1,1483,1,1
4,2,68,0,0
0,0,538,2,0
4,1,1069,1,1
9,2,1205,2,0
9,0,221,1,1
3,2,695,0,0
3,2,618,2,0
3,0,1160,2,0
5,1,258,2,0
6,1,1309,1,1
4,1,178,2,0
5,0,1361,0,0
6,1,1068,2,0
2,1,1015,0,0
8,1,462,0,0
4,1,634,1,1
5,1,871,0,0
7,0,1443,2,0
9,1,164,1,1
5,0,78,2,0
2,2,466,0,0
9,2,692,2,0
8,2,7,2,0
0,0,937,1,0
4,2,236,0,0
8,0,1213,1,1
7,2,873,1,1
0,2,590,1,1
0,2,789,2,0
7,0,1082,1,1
0,1,469,2,0
1,1,637,2,0
1,0,448,1,0
8,2,759,0,0
7,0,348,2,0
5,1,1317,2,0
7,0,75,2,0
0,1,302,1,0
1,2,382,0,0
2,1,744,1,0
5,2,1062,0,0
8,0,1445,2,0
6,1,498,0,0
3,2,244,2,0
1,1,1428,0,0
8,0,215,2,0
5,2,546,2,0
3,2,460,0,0
2,0,791,1,0
8,2,1256,2,0
7,0,26,2,0
5,1,1129,1,1
2,1,1199,0,0
6,1,972,0,0
8,1,927,2,0
6,0,594,1,1
0,0,1061,1,0
7,2,851,1,1
3,2,98,2,0
8,0,345,2,0
8,2,1110,2,0
8,2,1030,2,0
0,0,1378,0,0
3,2,942,2,0
0,2,1323,1,1
8,1,661,1,1
9,0,91,0,0
2,2,1447,2,0
0,0,1152,0,0
5,1,1140,1,1
1,0,643,0,0
9,0,1041,1,1
9,2,460,0,0
1,0,501,2,0
1,0,277,1,0
3,2,302,0,0
7,2,873,2,0
4,1,1337,1,1
5,1,1314,0,0
0,2,205,0,0
4,1,1113,1,1
8,0,1012,0,0
4,0,1115,1,1
7,1,366,2,0
2,0,1235,0,0
3,2,1050,2,0
7,1,464,0,0
2,1,661,0,0
9,1,977,2,0
6,0,694,0,0
9,1,353,0,0
8,1,992,2,0
2,2,829,0,0
1,2,1139,2,0
2,2,855,2,0
8,0,1195,2,0
2,2,409,1,0
8,2,1268,2,0
3,1,1245,0,0
3,2,413,0,0
6,1,642,2,0
2,1,616,2,0
9,2,613,1,1
6,2,932,2,0
5,2,1284,1,1
6,2,927,2,0
5,0,596,0,0
1,1,828,1,0
9,2,946,2,0
3,2,359,1,0
7,2,564,0,0
4,0,43,2,0
2,2,766,0,0
2,2,1436,0,0
1,2,1212,2,0
8,0,534,2,0
2,2,944,2,0
3,0,891,2,0
2,1,162,1,0
1,0,1352,1,0
8,1,156,2,0
8,1,1461,2,0
9,0,247,0,0
0,2,108,0,0
0,1,7,0,0
9,1,206,1,1
5,2,1094,0,0
1,0,245,2,0
3,0,228,2,0
1,0,1386,0,0
2,2,1369,2,0
5,2,1391,2,0
7,2,478,0,0
5,1,188,2,0
2,1,1104,0,0
4,2,927,0,0
3,0,1411,1,0
9,2,524,0,0
6,2,933,0,0
8,0,1397,0,0
0,1,452,1,0
1,0,151,1,0
3,1,1045,2,0
7,2,1029,0,0
2,2,651,0,0
4,0,763,0,0
4,1,943,0,0
0,2,150,1,0
2,1,263,1,0
0,0,255,2,0
6,0,1041,0,0
2,2,805,1,1
4,0,1191,1,1
5,0,349,0,0
0,0,1497,2,0
4,0,152,0,0
8,2,54,0,0
4,1,318,1,0
3,1,1041,1,0
2,1,744,2,0
6,2,36,0,0
7,0,411,2,0
5,0,1166,1,1
3,2,490,1,0
1,1,507,0,0
3,0,236,1,0
4,2,37,1,1
3,1,1419,0,0
3,1,62,0,0
8,0,1310,2,0
6,0,1393,2,0
4,1,563,0,0
0,1,246,0,0
0,0,1219,1,0
1,2,978,0,0
5,2,821,1,1
6,2,1448,2,0
5,1,1363,1,1
7,2,990,1,1
3,0,1229,0,0
2,2,891,1,1
2,0,1364,2,0
9,2,292,0,0
0,0,1158,1,0
4,2,141,1,1
4,2,459,2,0
9,1,412,0,0
4,0,66,1,0
9,2,814,1,1
6,0,1015,0,0
3,1,1267,0,0
7,0,773,0,0
1,0,873,1,0
9,2,599,1,1
6,2,382,2,0
7,0,1468,2,0
5,1,1160,2,0
6,0,77,0,0
1,2,45,1,0
0,0,459,1,0
3,1,161,0,0
5,0,1124,2,0
3,1,1057,2,0
9,1,71,2,0
9,0,828,0,0
8,0,1197,0,0
2,0,414,2,0
2,0,621,1,0
1,2,326,1,0
7,1,1469,0,0
7,1,150,2,0
7,2,764,2,0
7,2,1080,1,1
3,0,1425,1,0
7,2,486,2,0
8,1,926,1,1
3,2,1458,1,1
9,1,336,0,0
3,0,869,0,0
1,0,104,2,0
8,2,1290,1,1
9,2,1294,1,1
1,1,258,2,0
7,1,1024,1,1
9,1,432,1,1
5,1,1248,2,0
3,1,523,1,0
7,0,207,0,0
1,0,1356,2,0
3,0,1189,2,0
9,0,678,0,0
6,2,92,1,1
3,0,1392,0,0
3,1,487,0,0
5,2,140,2,0
1,2,885,2,0
2,2,1473,1,1
6,0,345,2,0
6,0,249,1,0
6,2,792,0,0
5,2,665,2,0
7,0,679,0,0
6,0,751,2,0
5,2,1266,0,0
7,1,552,2,0
6,0,891,2,0
5,2,145,0,0
4,0,1322,0,0
4,2,858,0,0
0,0,313,0,0
3,2,553,1,1
8,1,975,2,0
5,1,23,1,0
9,2,321,1,1
4,1,406,1,0
7,1,810,0,0
4,1,1028,2,0
9,2,922,1,1
8,2,199,0,0
2,1,1303,2,0
8,1,1403,2,0
6,2,1410,1,1
7,2,39,2,0
3,2,71,1,0
1,1,1007,0,0
5,2,240,0,0
0,0,589,0,0
5,0,538,2,0
9,1,796,0,0
8,2,1044,2,0
6,0,107,1,0
5,2,1102,1,1
4,1,753,2,0
4,1,211,2,0
4,1,885,0,0
6,0,917,1,1
9,1,1416,2,0
3,1,54,0,0
7,0,1168,1,1
3,0,93,1,0
6,2,230,2,0
1,2,725,0,0
9,2,1366,0,0
3,2,948,2,0
3,2,887,0,0
7,2,1120,2,0
4,2,48,0,0
3,2,772,0,0
4,1,192,2,0
0,2,227,0,0
4,0,1363,2,0
3,2,280,1,0
5,2,757,2,0
1,2,1485,1,1
2,2,413,0,0
0,0,249,1,0
2,2,247,0,0
9,1,561,2,0
7,0,372,0,0
5,0,303,1,0
8,0,562,0,0
3,1,684,1,0
2,1,52,0,0
0,1,1346,2,0
5,1,883,2,0
0,1,586,1,0
0,0,141,1,0
7,0,586,1,1
6,2,1035,1,1
1,1,359,1,0
8,1,1115,1,1
8,0,267,2,0
2,0,815,2,0
8,2,1327,1,1
4,1,492,2,0
7,1,76,1,1
2,0,248,0,0
9,1,375,2,0
7,1,920,0,0
1,0,1312,2,0
6,1,218,0,0
2,1,444,2,0
1,0,37,2,0
8,0,801,1,1
9,1,1132,2,0
5,1,1080,2,0
5,0,909,2,0
2,1,1493,2,0
6,2,1308,0,0
8,2,43,2,0
8,1,1408,2,0
6,1,1499,2,0
1,1,169,1,0
7,2,1121,2,0
7,1,284,1,1
4,0,392,1,0
0,0,471,2,0
5,1,1050,0,0
4,2,753,0,0
6,2,983,2,0
7,0,618,0,0
3,2,1245,2,0
2,1,51,0,0
2,0,1223,1,0
7,1,794,2,0
6,0,652,2,0
4,0,17,2,0
4,1,1303,1,1
6,1,1453,2,0
3,1,1397,2,0
9,1,1004,2,0
4,0,613,1,1
5,1,1466,1,1
5,2,1364,0,0
6,1,182,2,0
7,0,1314,1,1
3,1,1236,2,0
5,0,1411,1,1
8,0,227,0,0
8,2,1100,1,1
7,2,543,1,1
4,2,206,2,0
7,0,1344,2,0
2,1,111,2,0
4,0,1238,2,0
0,0,1327,2,0
0,0,684,1,0
8,1,1372,0,0
5,0,1145,1,1
6,2,767,0,0
0,0,32,0,0
1,2,1242,0,0
4,2,1103,0,0
2,1,1380,1,0
9,0,81,0,0
2,0,1178,0,0
6,2,543,2,0
4,1,199,2,0
8,2,407,0,0
0,1,1481,1,0
7,0,659,1,1
9,0,626,1,1
7,1,796,0,0
4,0,1017,2,0
3,2,645,2,0
3,2,1219,0,0
6,0,1205,2,0
1,0,491,2,0
3,2,163,2,0
2,0,152,2,0
3,2,1371,2,0
4,1,1062,0,0
7,2,521,1,1
4,2,591,0,0
1,2,207,2,0
7,0,1140,2,0
7,0,96,2,0
9,1,658,1,1
0,1,486,1,0
0,0,248,0,0
6,0,723,2,0
3,1,244,1,0
8,0,924,0,0
9,1,733,2,0
7,2,816,1,1
8,1,516,2,0
0,0,231,0,0
8,1,1433,0,0
8,2,902,2,0
3,1,1072,2,0
5,0,437,0,0
2,2,1407,1,1
7,0,1243,1,1
3,1,935,0,0
9,1,669,2,0
5,1,400,1,0
3,2,694,2,0
8,2,1373,1,1
7,0,655,1,1
1,0,847,1,0
7,2,1052,2,0
2,1,573,0,0
0,2,370,1,0
0,1,1431,1,0
0,2,768,0,0
9,1,1029,0,0
5,2,1270,1,1
8,0,1184,0,0
1,2,485,2,0
8,1,699,2,0
5,0,955,0,0
5,0,793,0,0
2,1,1087,1,0
5,1,518,1,1
2,0,1346,2,0
4,0,655,0,0
9,2,673,1,1
8,0,925,2,0
7,1,838,1,1
7,2,680,0,0
4,1,336,2,0
5,1,965,0,0
6,1,734,1,1
4,1,1196,0,0
9,2,613,0,0
0,1,1437,2,0
6,2,1351,1,1
7,2,1376,2,0
4,0,452,1,0
3,1,752,2,0
5,0,40,0,0
1,2,41,0,0
3,2,312,0,0
2,1,467,2,0
4,0,418,2,0
5,1,312,0,0
2,2,716,1,1
1,1,789,2,0
4,2,284,1,1
5,2,509,2,0
5,2,965,2,0
6,2,352,2,0
9,1,632,2,0
0,1,511,0,0
5,2,429,0,0
6,1,905,0,0
8,2,1183,2,0
5,2,1378,0,0
7,1,552,1,1
2,1,673,1,0
0,0,574,0,0
7,2,281,2,0
3,1,920,2,0
2,2,554,2,0
3,2,218,2,0
8,2,587,2,0
4,0,1326,1,1
7,1,747,1,1
4,1,490,1,0
0,0,1078,1,0
1,2,1395,0,0
3,0,1416,0,0
5,2,929,2,0
2,1,1155,2,0
5,1,338,0,0
5,2,831,1,1
4,2,1402,1,1
4,0,873,0,0
1,1,1243,1,0
9,2,168,0,0
2,2,1217,1,1
2,1,96,2,0
8,2,1219,2,0
1,1,308,1,0
0,0,766,0,0
1,1,909,0,0
0,0,671,1,0
0,2,171,2,0
4,2,39,1,1
5,1,598,0,0
2,1,1246,1,0
8,2,1450,1,1
4,1,1103,0,0
0,1,924,2,0
0,2,1417,2,0
6,2,698,1,1
2,2,1297,2,0
8,2,792,2,0
9,1,48,1,1
9,2,579,1,1
5,1,419,2,0
7,1,1401,2,0
6,1,1452,0,0
6,0,1289,1,1
9,1,1188,1,1
0,2,258,0,0
1,1,493,0,0
7,2,1142,2,0
8,2,227,2,0
1,0,1020,2,0
6,2,980,2,0
4,1,884,0,0
7,2,788,0,0
5,0,228,2,0
6,0,1172,1,1
8,0,131,0,0
0,2,797,1,1
4,0,1349,2,0
6,1,395,0,0
6,2,164,0,0
7,1,1230,0,0
6,0,388,1,0
3,2,681,1,1
7,0,254,2,0
2,1,974,0,0
6,2,413,2,0
2,1,112,0,0
5,1,666,1,1
5,1,612,2,0
1,0,1457,1,0
0,0,988,2,0
5,2,872,1,1
1,1,634,0,0
1,1,1354,2,0
7,2,603,2,0
1,0,1077,0,0
5,2,472,2,0
5,2,902,2,0
5,2,754,1,1
9,2,363,1,1
0,0,595,2,0
1,0,195,1,0
6,2,670,0,0
3,0,1391,2,0
0,0,1286,1,0
4,0,1079,0,0
9,2,1240,1,1
9,2,1276,0,0
3,0,1301,2,0
1,2,1454,1,1
3,2,1446,1,1
7,1,1467,1,1
5,1,1071,2,0
2,2,292,2,0
7,1,1294,2,0
6,0,121,0,0
0,2,1041,0,0
0,2,406,0,0
2,0,13,0,0
3,1,1198,1,0
9,2,37,1,1
1,0,198,1,0
7,2,412,0,0
6,0,1067,1,1
4,2,230,0,0
3,2,1202,0,0
2,1,199,0,0
1,2,988,1,1
9,0,499,2,0
0,1,153,2,0
2,2,805,1,1
7,2,1266,0,0
5,2,900,1,1
0,1,575,2,0
3,1,76,0,0
1,1,1478,0,0
6,0,602,1,1
7,2,655,1,1
6,2,640,2,0
4,0,484,0,0
8,1,1112,2,0
3,0,1292,1,0
2,0,87,1,0
3,1,465,0,0
6,0,1360,2,0
3,1,1433,2,0
2,0,522,0,0
2,1,1338,0,0
3,2,211,0,0
6,2,1251,1,1
6,0,857,0,0
5,0,1347,0,0
5,1,478,2,0
4,1,274,0,0
5,0,1060,2,0
9,2,39,1,1
4,0,218,2,0
3,0,1218,1,0
9,0,861,2,0
5,1,758,1,1
9,1,891,0,0
3,1,479,2,0
6,1,1207,2,0
5,2,13,1,1
4,0,783,2,0
6,1,1285,1,1
7,2,240,2,0
6,2,1256,2,0
4,2,810,0,0
5,1,858,2,0
1,2,1041,2,0
0,0,945,0,0
5,2,316,0,0
2,2,1362,1,1
0,0,790,0,0
1,1,297,2,0
6,1,962,0,0
2,0,300,0,0
7,2,671,1,1
8,1,609,0,0
7,1,692,2,0
2,1,1435,1,0
7,0,1299,1,1
7,0,295,1,1
9,2,706,2,0
5,1,206,1,0
7,1,348,0,0
1,1,1076,2,0
6,2,1176,0,0
2,1,1319,2,0
1,1,386,2,0
4,2,648,2,0
2,2,241,1,0
4,2,199,0,0
0,1,824,1,0
0,1,1056,0,0
0,0,528,2,0
8,0,463,1,1
3,1,821,2,0
6,1,832,2,0
4,2,500,1,1
2,0,1309,1,0
6,2,500,0,0
0,1,1058,0,0
8,1,1365,2,0
1,1,52,1,0
8,2,890,2,0
4,1,656,0,0
4,0,1420,0,0
7,2,1113,2,0
7,1,49,2,0
9,2,1387,1,1
0,0,1207,1,0
1,0,70,2,0
0,1,210,0,0
1,1,1293,2,0
8,1,1086,0,0
6,0,571,1,1
0,1,32,0,0
1,2,858,1,1
5,1,240,0,0
0,2,1032,2,0
5,1,1124,1,1
9,2,1361,2,0
4,2,35,1,1
6,0,642,0,0
7,2,510,0,0
9,1,427,0,0
7,0,369,0,0
6,0,1201,2,0
9,1,1112,0,0
7,0,1475,2,0
0,0,1048,1,0
4,1,663,2,0
5,0,1443,0,0
9,0,1233,0,0
8,0,402,0,0
0,2,610,2,0
8,1,1053,0,0
5,2,88,1,1
6,1,1076,1,1
3,1,1270,1,0
0,2,1224,0,0
5,0,1344,1,1
5,0,1373,1,1
2,2,860,0,0
9,1,1073,1,1
0,0,1050,1,0
6,1,700,1,1
6,1,914,1,1
9,0,22,0,0
9,1,592,0,0
7,0,1293,0,0
9,1,306,0,0
8,1,607,0,0
2,0,705,2,0
6,1,705,2,0
4,2,54,1,1
2,1,63,1,0
8,1,793,2,0
3,1,1202,2,0
6,1,341,1,0
0,1,935,1,0
1,0,1276,1,0
0,1,1205,0,0
2,1,297,0,0
3,1,52,0,0
5,2,1471,1,1
1,0,967,1,0
8,0,60,2,0
8,2,832,1,1
3,1,180,1,0
7,0,237,1,1
8,0,598,2,0
7,2,1270,2,0
0,2,690,1,1
9,1,828,0,0
1,1,1246,0,0
8,1,1369,1,1
8,0,179,0,0
4,1,981,0,0
1,0,616,1,0
4,2,517,2,0
7,2,1189,1,1
3,2,1111,2,0
6,1,91,0,0
2,0,1493,0,0
4,2,1260,2,0
2,2,1212,2,0
6,0,28,2,0
7,1,349,1,1
2,1,390,0,0
3,1,916,0,0
7,1,878,0,0
4,2,574,0,0
7,0,544,2,0
8,0,78,2,0
4,2,956,2,0
1,0,263,2,0
2,2,493,1,0
3,0,247,1,0
6,1,185,2,0
6,0,514,0,0
3,2,1408,2,0
9,0,875,0,0
1,2,1104,0,0
4,0,907,0,0
4,0,199,2,0
4,1,703,1,1
3,0,284,2,0
0,0,346,0,0
2,0,1432,2,0
9,1,746,2,0
6,2,395,0,0
3,0,13,0,0
5,1,1381,1,1
0,0,1351,2,0
2,0,1375,1,0
0,2,1015,2,0
8,0,1471,0,0
0,0,1285,1,0
4,1,1307,1,1
3,1,253,1,0
1,1,1222,2,0
2,1,1350,2,0
8,1,987,2,0
7,0,1396,2,0
6,2,932,2,0
5,2,558,1,1
4,0,601,2,0
0,0,344,0,0
2,0,1107,1,0
0,1,827,2,0
9,1,613,2,0
1,2,407,1,0
8,1,831,2,0
6,2,1038,0,0
4,0,58,1,0
3,2,824,1,1
9,2,923,0,0
0,2,58,2,0
5,1,996,1,1
5,2,956,0,0
2,2,726,0,0
9,2,337,2,0
1,2,0,1,0
7,1,426,1,1
9,2,1481,1,1
0,2,1359,2,0
9,1,427,0,0
6,0,551,1,1
6,2,100,1,1
0,0,555,0,0
9,2,721,2,0
1,1,942,2,0
4,1,156,2,0
9,1,1317,2,0
5,0,1214,2,0
0,0,269,1,0
8,0,659,1,1
4,2,771,1,1
3,0,1126,2,0
9,0,1090,0,0
2,2,61,0,0
8,0,573,2,0
7,0,244,0,0
8,2,317,1,1
6,2,1403,0,0
1,2,982,2,0
5,0,1235,1,1
5,1,968,2,0
0,0,1122,1,0
8,2,597,0,0
7,1,158,2,0
8,2,1447,0,0
9,2,586,2,0
7,0,612,2,0
3,1,1347,2,0
4,1,9,0,0
2,2,1256,2,0
7,2,269,0,0
5,0,730,0,0
3,2,123,0,0
6,1,1209,1,1
8,0,1153,0,0
7,2,1339,1,1
3,2,736,2,0
3,2,247,0,0
9,0,640,1,1
6,2,277,1,1
7,2,1005,2,0
7,2,1006,0,0
3,0,1239,1,0
1,2,1491,0,0
5,1,561,1,1
7,2,88,2,0
9,1,738,2,0
6,2,1110,1,1
9,0,69,1,1
1,1,1409,1,0
2,0,296,0,0
7,1,1350,2,0
0,2,1153,1,1
5,1,455,2,0
0,2,308,2,0
9,1,1166,0,0
7,2,470,2,0
6,0,1001,1,1
6,0,1070,1,1
6,2,1157,2,0
1,1,1298,2,0
5,2,348,0,0
2,0,191,0,0
8,1,664,0,0
8,1,561,2,0
2,2,1346,2,0
4,0,1272,0,0
6,1,1325,1,1
1,0,1298,1,0
9,0,367,0,0
5,2,314,2,0
9,0,981,0,0
4,0,1255,0,0
0,1,285,2,0
4,2,1497,1,1
6,2,1383,0,0
7,0,920,2,0
0,0,1363,1,0
0,0,1246,2,0
9,1,699,0,0
9,2,463,1,1
0,0,1404,0,0
8,0,1363,2,0
3,0,402,1,0
8,1,702,2,0
1,2,109,1,0
6,2,384,0,0
1,0,305,2,0
6,0,1461,1,1
6,1,1269,0,0
3,0,1377,1,0
3,0,8,1,0
0,1,858,1,0
2,0,1306,1,0
6,1,268,0,0
2,2,457,1,0
4,0,168,2,0
8,0,123,2,0
7,2,782,0,0
0,0,615,2,0
5,0,134,1,0
5,2,583,0,0
2,0,1430,2,0
7,2,365,2,0
9,2,75,1,1
2,1,1273,0,0
4,1,617,1,1
4,0,637,2,0
4,2,1305,0,0
6,1,753,1,1
3,1,630,2,0
2,1,114,0,0
4,1,1238,2,0
6,2,407,0,0
0,2,307,2,0
8,2,1141,0,0
3,2,1011,0,0
2,1,697,0,0
6,2,96,0,0
5,0,1157,2,0
5,0,887,0,0
6,2,255,2,0
1,2,861,2,0
6,0,620,2,0
1,1,1112,1,0
9,0,910,0,0
7,0,415,0,0
2,0,201,0,0
7,2,36,0,0
9,0,951,1,1
5,0,1381,2,0
0,0,61,0,0
1,1,1093,2,0
0,2,595,0,0
7,0,1421,0,0
7,0,999,1,1
9,0,97,2,0
8,0,114,1,1
1,2,330,0,0
7,1,743,0,0
3,2,983,2,0
7,1,618,2,0
3,0,1263,1,0
0,2,298,1,0
0,1,1451,1,0
8,1,21,0,0
4,0,144,2,0
6,1,1464,1,1
3,1,1396,0,0
4,1,241,0,0
3,1,563,1,0
8,2,1283,2,0
8,0,1460,2,0
4,0,89,2,0
0,2,1109,1,1
8,1,135,1,1
0,0,1205,2,0
6,1,1260,0,0
6,0,1461,0,0
6,2,996,2,0
8,1,236,2,0
7,0,1227,1,1
2,2,936,1,1
2,2,335,2,0
1,1,1467,0,0
1,0,154,1,0
3,1,104,0,0
9,0,1021,0,0
7,0,364,2,0
2,1,374,2,0
8,2,1000,2,0
2,0,1281,1,0
7,2,22,1,1
7,1,758,0,0
0,1,86,0,0
6,0,1391,2,0
9,0,449,2,0
9,1,314,0,0
5,2,304,2,0
5,1,1051,1,1
2,0,476,2,0
0,1,1103,2,0
3,2,286,2,0
8,0,610,2,0
4,2,303,1,1
5,0,219,1,0
5,0,774,1,1
6,1,120,2,0
7,1,961,1,1
6,2,39,2,0
3,0,426,2,0
8,0,994,0,0
2,1,45,2,0
6,1,1127,0,0
7,0,301,0,0
7,2,1263,1,1
3,1,1448,1,0
8,0,677,1,1
5,0,232,1,0
3,1,210,1,0
2,2,1123,2,0
8,2,975,2,0
5,2,1066,2,0
4,2,1074,2,0
4,2,530,2,0
4,0,1400,1,1
6,0,1095,2,0
7,1,978,0,0
9,0,179,2,0
1,2,1382,2,0
8,0,1497,2,0
4,0,1021,2,0
5,1,231,2,0
2,0,335,0,0
3,2,752,0,0
2,0,253,2,0
6,2,1239,2,0
3,0,1278,2,0
1,0,64,1,0
1,0,1384,2,0
7,2,105,1,1
1,2,1236,0,0
3,0,404,0,0
8,0,134,2,0
3,2,305,2,0
0,2,1067,0,0
5,2,1417,1,1
4,1,76,0,0
8,2,873,2,0
8,0,1209,1,1
7,0,1480,1,1
7,2,1071,1,1
6,0,222,0,0
6,1,176,2,0
4,2,39,1,1
1,1,1092,1,0
0,1,1160,2,0
7,2,709,2,0
0,2,104,0,0
5,2,572,2,0
3,1,1236,2,0
6,0,668,2,0
8,0,1476,2,0
1,0,898,1,0
0,2,131,2,0
4,0,968,1,1
0,2,1145,2,0
1,0,723,0,0
6,0,749,2,0
4,1,706,2,0
1,0,463,2,0
6,0,1013,2,0
1,1,487,0,0
4,2,927,2,0
8,2,10,1,1
9,1,285,0,0
6,1,8,0,0
4,0,642,0,0
1,2,903,0,0
8,2,1099,2,0
3,2,847,2,0
4,2,31,1,1
8,2,248,1,1
0,0,124,1,0
8,0,312,2,0
6,1,96,2,0
6,1,486,1,0
5,1,300,1,0
2,1,1156,0,0
8,2,952,0,0
2,1,75,2,0
0,1,13,2,0
3,0,1349,2,0
1,2,787,2,0
9,0,1049,1,1
8,0,1454,1,1
0,2,414,1,0
9,0,82,1,1
0,1,143,2,0
6,0,917,1,1
2,1,492,0,0
4,1,346,0,0
7,0,1300,0,0
5,2,149,0,0
2,2,372,1,0
1,1,87,2,0
1,0,1400,1,0
9,1,188,0,0
1,0,958,1,0
2,1,46,2,0
5,0,407,0,0
2,0,354,0,0
2,1,976,2,0
3,0,1389,0,0
3,2,497,0,0
1,1,740,1,0
0,0,1166,2,0
6,1,22,1,0
5,2,180,0,0
2,1,1447,0,0
3,1,648,1,0
8,2,657,2,0
1,2,24,0,0
4,1,170,2,0
3,1,575,2,0
5,1,955,0,0
5,1,115,0,0
5,2,471,1,1
3,0,538,1,0
5,2,608,2,0
2,1,863,2,0
6,2,206,0,0
5,0,715,1,1
5,1,278,0,0
9,2,1104,0,0
9,0,415,1,1
6,1,1145,1,1
6,2,209,1,1
6,1,377,0,0
2,2,222,1,0
4,1,222,1,0
3,2,407,2,0
8,0,1467,0,0
6,0,526,2,0
8,2,598,2,0
4,0,1233,2,0
5,2,673,2,0
3,2,283,1,0
8,0,801,2,0
8,0,812,0,0
1,0,712,2,0
8,1,1400,2,0
5,2,1115,0,0
7,2,1248,2,0
2,2,1487,0,0
2,2,591,0,0
5,1,1180,1,1
7,2,182,2,0
1,2,573,0,0
2,0,375,1,0
9,1,1173,0,0
1,1,342,0,0
1,0,114,0,0
0,1,869,1,0
5,2,1083,2,0
6,1,136,1,0
7,0,102,1,1
3,0,398,2,0
0,1,398,0,0
4,1,79,1,0
8,2,497,1,1
3,1,743,0,0
8,2,623,0,0
4,0,1056,0,0
8,2,930,1,1
2,0,734,2,0
9,1,359,2,0
3,1,6,2,0
2,0,1394,2,0
4,1,377,2,0
6,1,1079,0,0
2,2,1176,0,0
3,1,341,1,0
4,0,338,1,0
3,2,231,1,0
7,0,933,0,0
9,2,10,2,0
6,1,526,1,1
0,1,360,2,0
3,2,132,0,0
9,1,1318,2,0
1,0,378,1,0
6,0,1320,2,0
6,0,692,2,0
8,2,361,1,1
6,0,318,1,0
3,0,100,2,0
1,1,298,0,0
3,0,614,0,0
9,2,1431,1,1
5,2,65,0,0
6,0,603,1,1
2,2,901,0,0
2,2,760,0,0
9,2,1375,0,0
2,0,1484,0,0
5,1,1097,2,0
8,1,1102,0,0
2,1,510,1,0
0,2,1085,0,0
0,2,419,1,0
0,0,482,1,0
2,0,543,1,0
9,2,359,0,0
6,2,1133,1,1
8,0,293,1,1
3,2,1144,0,0
8,0,1293,2,0
3,1,761,2,0
7,2,1015,0,0
6,2,1134,0,0
2,1,255,0,0
0,0,1050,0,0
4,1,557,1,1
4,0,33,2,0
6,0,62,0,0
5,2,1290,2,0
3,0,1486,2,0
0,0,344,2,0
6,1,1496,0,0
3,2,1435,0,0
2,0,531,0,0
6,2,527,1,1
1,2,911,2,0
2,2,815,0,0
1,2,1166,0,0
9,1,184,2,0
0,1,140,1,0
3,2,936,0,0
2,2,1098,0,0
3,2,522,1,1
8,0,128,1,1
5,2,305,1,1
8,0,336,1,1
8,1,1428,0,0
2,2,1175,0,0
6,2,772,1,1
3,2,728,0,0
3,1,992,0,0
7,0,706,0,0
1,1,302,1,0
6,2,666,0,0
0,2,1062,0,0
6,0,955,1,1
1,2,45,1,0
1,2,655,2,0
6,1,1181,0,0
0,2,307,2,0
1,2,37,1,0
2,2,294,1,0
7,2,241,1,1
7,0,497,2,0
9,2,18,1,1
5,2,543,1,1
4,1,611,2,0
4,1,124,1,0
0,0,596,1,0
0,1,230,0,0
3,1,162,1,0
8,2,73,0,0
5,2,644,2,0
5,2,109,2,0
3,2,727,1,1
4,1,34,2,0
7,2,1163,0,0
5,2,450,0,0
9,2,651,0,0
9,1,250,1,1
9,2,1041,1,1
2,2,351,1,0
2,0,1297,1,0
2,1,441,0,0
9,1,317,0,0
4,0,158,2,0
6,2,1495,1,1
9,1,2,2,0
8,1,859,0,0
3,0,592,1,0
7,2,701,2,0
0,1,560,2,0
9,0,408,1,1
8,2,1039,1,1
7,0,1360,1,1
6,0,1327,2,0
9,2,1054,2,0
0,0,39,0,0
3,0,216,2,0
3,1,620,1,0
1,0,1493,1,0
2,2,490,2,0
1,2,1321,0,0
6,1,1246,0,0
5,0,324,0,0
6,2,768,1,1
8,1,663,1,1
7,2,55,2,0
9,0,385,2,0
4,0,433,2,0
9,2,1320,2,0
5,0,650,1,1
5,2,1055,2,0
1,0,541,1,0
5,2,1450,0,0
0,1,30,1,0
3,1,851,0,0
8,1,763,1,1
3,2,706,1,1
9,2,985,1,1
6,2,112,1,1
4,1,1427,0,0
2,0,336,2,0
6,2,344,1,1
2,2,826,0,0
6,0,433,2,0
9,2,1277,0,0
1,0,1341,2,0
8,0,40,1,1
4,1,1475,0,0
8,1,383,1,1
4,1,862,2,0
8,0,807,0,0
4,2,80,0,0
2,2,1347,1,1
7,0,1399,1,1
4,0,723,1,1
3,1,486,0,0
8,0,240,0,0
7,2,917,2,0
2,1,729,2,0
0,1,419,1,0
5,0,817,0,0
6,1,350,1,0
1,2,817,0,0
2,2,1203,1,1
3,0,1041,2,0
8,0,1318,0,0
6,1,380,1,0
4,0,1159,0,0
2,0,631,2,0
9,1,387,2,0
0,2,1242,1,1
0,1,1260,1,0
3,1,530,1,0
0,0,201,1,0
8,0,1175,2,0
5,2,305,0,0
4,0,744,2,0
9,0,199,0,0
0,2,799,1,1
1,2,1050,2,0
5,0,258,0,0
7,2,43,1,1
0,2,155,2,0
7,1,854,2,0
4,1,1455,2,0
4,1,1499,2,0
2,2,1186,2,0
9,0,775,0,0
1,0,800,2,0
3,0,983,2,0
7,0,1203,0,0
3,0,1157,0,0
9,2,1363,1,1
9,0,1253,2,0
7,2,145,0,0
3,0,124,1,0
7,0,49,1,1
5,2,277,1,1
4,0,254,1,0
8,1,377,1,1
0,0,415,1,0
1,1,303,1,0
5,1,480,2,0
2,1,1318,2,0
2,2,272,1,0
4,2,844,2,0
3,2,1099,0,0
9,2,1207,2,0
9,0,397,1,1
0,0,1192,0,0
0,1,1003,1,0
9,1,72,2,0
9,2,100,1,1
1,2,543,1,1
1,2,123,0,0
6,0,718,1,1
4,1,1060,2,0
9,2,432,0,0
4,0,48,1,0
7,2,709,2,0
1,2,1266,0,0
1,2,214,2,0
9,0,441,2,0
6,0,772,1,1
6,2,341,2,0
6,2,409,0,0
7,2,835,1,1
4,0,393,2,0
5,1,324,2,0
3,2,156,0,0
5,2,1472,1,1
7,2,1154,1,1
1,1,833,1,0
9,1,737,0,0
6,2,1313,2,0
9,2,1235,1,1
2,1,1018,2,0
1,1,186,0,0
5,0,303,1,0
2,0,214,0,0
5,0,16,0,0
6,0,540,2,0
4,2,823,2,0
8,2,931,0,0
9,1,386,1,1
9,2,968,1,1
5,2,943,1,1
4,0,295,0,0
2,1,880,0,0
9,0,1248,0,0
0,0,1201,2,0
6,0,876,2,0
8,0,604,0,0
6,2,960,1,1
9,1,968,2,0
1,0,121,1,0
4,2,500,1,1
5,2,1315,1,1
6,2,1439,0,0
3,0,1041,1,0
1,1,577,0,0
6,1,828,1,1
0,2,266,2,0
1,0,222,0,0
4,2,988,2,0
9,2,967,1,1
3,2,985,0,0
8,1,234,2,0
1,1,348,2,0
5,0,474,0,0
0,0,943,1,0
5,1,517,1,1
8,1,1295,2,0
8,1,1154,1,1
8,1,223,1,1
2,1,166,1,0
8,0,1124,2,0
7,1,131,0,0
3,0,1386,1,0
3,1,463,0,0
0,0,1036,0,0
6,1,574,0,0
3,1,1001,1,0
7,2,187,1,1
9,2,1181,2,0
2,1,1200,2,0
0,2,395,0,0
8,1,214,1,1
4,0,815,1,1
7,1,1211,2,0
8,2,913,0,0
9,0,406,1,1
4,1,1246,0,0
2,1,1250,2,0
7,1,887,0,0
3,2,223,1,0
9,1,613,1,1
7,1,1248,1,1
3,1,1367,2,0
2,1,471,2,0
5,1,855,0,0
5,1,764,1,1
4,0,929,0,0
0,2,811,2,0
5,1,998,0,0
9,1,976,2,0
9,0,574,1,1
5,2,693,1,1
0,2,912,2,0
1,0,1347,2,0
3,1,65,2,0
3,2,48,2,0
1,2,1141,2,0
9,1,1466,2,0
3,0,860,1,0
7,0,142,1,1
1,1,914,0,0
3,2,786,1,1
5,2,176,1,1
0,1,267,1,0
0,2,170,1,0
6,1,87,2,0
7,0,352,2,0
9,2,236,2,0
4,0,910,1,1
7,0,1417,1,1
0,2,1337,1,1
4,0,588,2,0
6,2,396,0,0
6,2,566,1,1
4,1,1082,0,0
7,0,101,2,0
4,2,1067,1,1
8,1,995,1,1
3,1,903,2,0
7,0,282,2,0
6,2,1029,1,1
9,1,762,1,1
9,2,1176,1,1
8,0,321,0,0
7,0,1247,2,0
0,0,846,0,0
0,1,1445,0,0
1,0,1259,1,0
0,1,780,0,0
2,1,439,2,0
7,0,665,0,0
6,2,253,1,1
5,0,477,1,0
7,2,840,0,0
8,0,1013,1,1
4,0,342,2,0
4,2,352,0,0
1,2,989,1,1
3,2,650,1,1
2,1,374,0,0
1,1,771,0,0
4,0,530,0,0
9,0,189,1,1
4,2,1015,1,1
3,0,871,0,0
7,1,90,2,0
1,1,589,0,0
9,2,46,1,1
6,1,385,0,0
2,1,1306,0,0
4,0,1399,2,0
2,0,665,1,0
0,1,1467,0,0
7,0,1054,1,1
4,0,1145,1,1
5,0,1129,1,1
2,1,559,0,0
2,2,972,0,0
2,0,1064,2,0
8,2,845,2,0
3,2,1442,0,0
6,1,1079,0,0
8,1,1015,0,0
4,1,1052,1,1
3,2,819,2,0
3,2,37,1,0
9,1,386,0,0
6,1,647,2,0
5,2,772,0,0
3,1,274,0,0
8,2,245,1,1
1,1,1392,1,0
6,0,1039,1,1
5,2,1280,0,0
5,0,574,0,0
3,1,1055,2,0
9,1,944,1,1
1,2,1092,1,1
7,2,165,1,1
3,2,541,2,0
7,1,622,2,0
5,0,142,0,0
3,1,194,1,0
4,1,1,2,0
0,0,309,2,0
5,0,815,1,1
8,2,934,1,1
0,1,129,2,0
8,2,530,2,0
3,1,1120,2,0
9,0,872,1,1
7,2,1202,0,0
8,2,1120,2,0
5,1,790,1,1
1,2,1461,1,1
1,2,1152,0,0
5,2,1029,1,1
5,0,773,0,0
9,2,547,2,0
2,2,475,0,0
4,1,1348,0,0
0,1,741,2,0
3,0,172,1,0
6,0,1025,2,0
2,2,754,1,1
8,1,663,0,0
7,2,1360,0,0
7,0,28,0,0
5,0,467,0,0
8,1,1194,1,1
4,1,310,1,0
7,0,1284,0,0
2,1,805,1,0
4,1,178,1,0
0,1,1242,1,0
2,0,1288,1,0
0,0,9,2,0
6,1,1111,2,0
3,2,901,2,0
0,2,809,2,0
2,0,1443,1,0
5,1,813,0,0
5,2,1411,0,0
8,2,237,0,0
4,2,1040,0,0
4,1,353,0,0
7,2,57,2,0
2,0,1395,0,0
0,0,294,2,0
8,0,1376,1,1
3,1,5,1,0
0,1,1176,1,0
2,0,1258,1,0
7,2,769,1,1
0,0,1491,0,0
8,1,1243,2,0
7,2,1457,1,1
5,0,317,0,0
0,0,621,0,0
2,2,712,2,0
7,0,1063,0,0
2,1,796,2,0
4,1,1413,0,0
9,2,851,2,0
9,2,751,2,0
0,0,399,2,0
6,0,657,1,1
7,1,634,1,1
4,1,131,1,0
8,0,1053,1,1
8,2,1432,0,0
1,0,499,1,0
7,0,802,2,0
1,0,920,1,0
7,2,1414,0,0
9,2,583,0,0
2,2,639,2,0
1,0,1016,2,0
7,0,1238,1,1
3,1,193,0,0
4,0,696,0,0
0,0,961,2,0
8,1,670,2,0
7,0,631,1,1
9,1,371,2,0
9,0,1450,1,1
5,2,584,0,0
3,1,1165,2,0
6,2,1450,2,0
8,1,246,1,1
4,0,883,0,0
0,0,1208,0,0
2,0,1277,0,0
0,1,1344,1,0
7,0,1302,1,1
6,2,381,0,0
1,1,1184,1,0
9,0,605,2,0
9,1,1000,1,1
1,1,130,0,0
9,1,1361,0,0
0,1,542,1,0
6,2,773,2,0
3,1,65,1,0
9,2,1467,0,0
9,1,391,2,0
8,0,791,0,0
6,0,509,0,0
1,1,1061,1,0
8,1,195,1,1
4,1,330,2,0
9,1,819,0,0
9,1,310,2,0
4,1,1057,1,1
4,1,132,0,0
4,1,886,0,0
4,1,510,1,0
7,1,672,2,0
8,0,1028,0,0
8,2,1212,0,0
3,0,182,0,0
0,1,1032,2,0
3,1,920,1,0
8,2,1160,0,0
7,1,1179,0,0
6,0,384,2,0
3,1,576,0,0
6,0,785,0,0
9,0,811,2,0
9,1,1491,0,0
8,1,278,0,0
4,1,835,2,0
6,2,333,2,0
7,0,316,0,0
0,0,1269,1,0
9,1,110,2,0
4,0,172,2,0
3,1,431,2,0
1,1,1432,0,0
6,1,947,0,0
1,1,1206,1,0
1,1,1348,1,0
9,1,665,1,1
8,0,408,2,0
1,1,815,2,0
2,2,628,1,1
2,1,1310,2,0
9,1,740,0,0
7,1,324,1,1
1,0,39,1,0
5,1,743,1,1
3,0,391,0,0
3,2,1167,2,0
0,0,55,1,0
5,2,961,2,0
3,2,86,0,0
3,0,1221,0,0
0,0,1060,0,0
3,1,696,0,0
6,1,339,0,0
6,0,201,0,0
1,1,444,2,0
9,0,375,1,1
8,2,787,1,1
0,2,15,0,0
6,1,378,1,0
9,1,980,1,1
5,0,172,0,0
0,2,123,0,0
3,2,1166,1,1
2,1,974,1,0
8,1,547,2,0
9,1,1353,1,1
9,2,1103,1,1
5,1,42,1,0
2,2,1264,0,0
5,0,348,0,0
1,2,249,0,0
6,0,778,0,0
2,1,1400,1,0
8,1,1022,1,1
9,2,1379,1,1
2,0,948,2,0
1,0,450,2,0
6,1,1105,0,0
8,2,696,1,1
8,0,143,1,1
6,0,516,2,0
0,1,1423,0,0
7,1,489,0,0
5,0,595,2,0
3,1,667,1,0
5,2,452,1,1
7,1,304,1,1
0,0,17,0,0
6,2,512,1,1
7,0,724,2,0
0,0,350,1,0
3,1,34,0,0
1,0,252,0,0
4,0,606,1,1
1,2,16,0,0
2,0,1030,1,0
5,0,1355,1,1
7,1,59,2,0
8,1,1089,0,0
4,0,240,1,0
6,0,399,0,0
5,1,1255,1,1
1,2,1253,2,0
4,2,913,1,1
9,1,33,1,1
9,0,338,0,0
0,0,299,2,0
2,0,889,1,0
2,1,1340,0,0
8,1,864,1,1
7,0,1242,0,0
1,0,665,2,0
0,0,327,0,0
5,2,625,1,1
9,2,1341,1,1
7,1,1418,2,0
8,0,1413,2,0
8,0,1214,2,0
3,1,987,2,0
6,0,99,1,0
4,0,583,2,0
9,0,225,0,0
4,0,1304,1,1
3,0,380,0,0
0,0,232,0,0
1,1,1119,2,0
1,0,1104,0,0
6,1,546,1,1
1,2,797,1,1
0,0,1337,2,0
4,0,522,2,0
6,2,1208,1,1
6,0,997,0,0
1,1,690,0,0
5,0,920,1,1
7,1,1181,2,0
4,1,118,1,0
3,2,734,1,1
4,2,743,0,0
7,1,245,1,1
6,1,1421,1,1
9,0,164,2,0
3,2,422,1,0
5,2,854,1,1
8,2,1035,2,0
9,2,398,2,0
3,2,939,0,0
7,0,559,0,0
5,1,7,0,0
3,2,254,2,0
8,1,502,1,1
8,1,1469,1,1
6,1,497,1,0
7,0,1228,1,1
1,1,239,2,0
0,0,649,0,0
6,0,875,2,0
3,2,1253,0,0
3,1,930,1,0
5,2,505,0,0
9,0,997,0,0
2,0,715,0,0
6,1,1294,1,1
4,0,329,0,0
6,2,1415,2,0
7,2,1399,2,0
6,2,182,1,1
3,2,374,1,0
5,0,1133,2,0
1,0,1247,1,0
0,1,702,1,0
2,2,874,2,0
0,0,942,1,0
6,0,271,1,0
9,0,381,1,1
8,1,1433,0,0
0,0,1475,0,0
9,0,857,0,0
1,0,224,1,0
4,0,1253,2,0
0,2,1380,1,1
9,0,387,0,0
1,2,636,0,0
7,2,143,1,1
9,2,1104,1,1
0,1,1183,2,0
7,1,1328,1,1
0,0,1209,1,0
0,2,392,2,0
9,2,837,0,0
3,0,727,2,0
0,2,967,2,0
5,2,104,0,0
2,2,1331,0,0
3,0,17,2,0
1,2,638,2,0
8,1,544,0,0
4,0,160,0,0
6,0,373,1,0
6,1,1479,2,0
8,1,1046,1,1
5,0,414,0,0
3,1,1167,2,0
8,2,143,0,0
4,0,570,2,0
2,1,135,0,0
1,1,1468,1,0
3,0,357,0,0
5,0,1253,1,1
2,2,1226,0,0
3,2,40,1,0
6,1,603,0,0
7,0,569,1,1
7,2,1296,2,0
8,0,876,0,0
3,2,649,0,0
3,1,1037,1,0
4,1,755,0,0
6,2,350,0,0
3,2,1175,2,0
4,0,1154,1,1
0,2,989,0,0
5,1,198,0,0
6,2,648,1,1
7,0,663,1,1
8,0,816,2,0
2,0,1448,1,0
1,0,490,0,0
6,1,189,0,0
0,1,1470,0,0
3,0,990,0,0
8,2,168,1,1
3,0,149,1,0
4,2,1268,1,1
2,1,645,1,0
7,0,777,2,0
7,0,110,1,1
4,1,790,1,1
7,2,361,0,0
8,1,1427,2,0
7,1,238,0,0
8,0,1166,1,1
1,0,723,2,0
0,0,150,0,0
4,0,712,2,0
4,1,1169,1,1
9,2,284,1,1
3,1,139,0,0
1,2,1400,0,0
4,1,715,2,0
6,1,449,2,0
8,1,802,1,1
5,0,88,1,0
0,1,582,2,0
7,2,399,2,0
9,0,1323,0,0
4,1,1416,2,0
2,2,999,2,0
5,1,243,0,0
0,1,1368,1,0
3,0,755,1,0
8,2,148,1,1
8,1,228,2,0
4,1,1088,2,0
5,2,1400,2,0
1,0,564,0,0
1,0,392,0,0
4,1,1409,0,0
8,1,1138,1,1
3,1,783,2,0
9,2,795,1,1
8,0,213,0,0
2,2,530,1,1
7,1,530,2,0
4,1,867,0,0
8,2,965,0,0
3,0,499,0,0
2,2,1285,2,0
0,2,1402,1,1
4,2,418,1,1
1,1,1422,1,0
0,1,65,2,0
6,1,1324,2,0
5,0,40,0,0
4,2,295,0,0
0,2,917,0,0
2,0,86,0,0
7,1,374,1,1
1,0,927,1,0
0,2,705,1,1
5,0,1422,2,0
8,2,1499,1,1
7,1,606,0,0
1,1,969,0,0
1,2,1195,0,0
3,0,1178,1,0
7,1,793,2,0
7,0,699,0,0
1,0,1394,2,0
4,2,889,0,0
9,0,1072,2,0
2,0,1423,0,0
8,1,771,1,1
8,0,480,2,0
0,2,704,0,0
8,0,307,2,0
5,1,622,0,0
3,2,992,1,1
2,1,64,2,0
1,2,774,1,1
6,0,1164,2,0
5,1,1042,2,0
2,0,1443,0,0
6,2,1091,1,1
0,1,68,0,0
8,2,507,0,0
5,0,1149,1,1
2,1,760,2,0
2,2,120,2,0
1,0,1030,2,0
2,2,531,0,0
4,0,1198,0,0
2,0,1058,0,0
8,1,828,1,1
7,1,356,0,0
4,0,1285,0,0
2,0,775,0,0
2,1,1247,2,0
6,2,1037,2,0
1,0,1212,2,0
3,2,1470,2,0
5,0,221,2,0
4,1,1160,2,0
4,1,530,1,1
9,1,814,2,0
1,2,1113,1,1
3,2,1351,2,0
5,1,528,2,0
1,2,598,1,1
0,1,180,2,0
9,1,688,0,0
1,0,278,0,0
5,0,731,0,0
4,1,761,2,0
1,2,482,0,0
4,1,495,0,0
5,0,483,1,0
0,1,355,2,0
5,1,1341,1,1
2,2,1229,2,0
0,0,954,2,0
7,2,1,1,1
4,2,647,2,0
8,0,1143,2,0
7,1,722,0,0
0,2,1387,1,1
6,1,322,1,0
8,0,1465,2,0
3,2,181,0,0
3,2,128,2,0
1,2,168,2,0
9,0,673,2,0
9,2,281,1,1
9,1,448,1,1
5,2,572,2,0
2,0,1009,1,0
6,1,1258,1,1
8,0,1170,0,0
0,2,1396,2,0
8,1,149,1,1
4,0,567,0,0
0,2,924,1,1
8,1,39,0,0
8,2,68,1,1
8,1,861,0,0
0,1,495,2,0
8,0,446,1,1
0,1,1308,2,0
6,1,406,1,0
0,1,370,0,0
9,1,1064,1,1
2,2,934,2,0
0,2,922,1,1
4,2,447,0,0
9,2,990,0,0
7,2,439,0,0
1,1,1174,2,0
0,1,1382,1,0
0,2,821,2,0
9,1,1124,1,1
0,0,978,2,0
6,1,788,2,0
1,0,986,2,0
2,1,1202,2,0
8,0,184,2,0
9,2,661,0,0
6,0,1176,2,0
4,2,149,0,0
2,1,473,1,0
0,1,4,0,0
2,1,1023,2,0
7,0,1096,2,0
0,1,667,2,0
9,2,360,1,1
8,2,89,0,0
5,2,638,2,0
1,0,820,2,0
3,2,755,0,0
2,2,486,2,0
9,1,24,1,1
7,2,1033,0,0
8,2,1446,2,0
1,1,1175,1,0
8,1,183,2,0
7,0,7,2,0
4,0,1480,1,1
3,0,621,2,0
4,0,1003,2,0
5,1,1331,1,1
1,0,1052,0,0
0,2,898,1,1
3,2,309,2,0
4,1,12,0,0
7,0,163,0,0
9,1,1049,0,0
3,2,573,2,0
0,0,61,2,0
0,2,293,2,0
9,0,1437,1,1
6,2,162,2,0
7,2,617,2,0
4,2,925,0,0
9,0,119,2,0
6,2,1058,0,0
6,0,1103,2,0
4,2,713,1,1
5,0,284,2,0
0,1,179,2,0
1,0,1230,1,0
7,1,1060,0,0
1,1,896,1,0
8,1,305,0,0
3,0,471,0,0
9,0,1037,1,1
2,1,647,0,0
8,0,28,2,0
4,2,398,2,0
4,0,69,0,0
1,0,778,0,0
0,2,0,1,0
9,1,382,0,0
8,2,1061,0,0
4,2,1250,2,0
6,0,1208,1,1
2,2,290,1,0
5,1,1386,0,0
4,1,1236,2,0
8,0,585,1,1
8,1,351,0,0
3,2,952,1,1
5,2,1066,2,0
8,2,973,0,0
5,2,282,1,1
9,0,840,2,0
2,1,989,0,0
0,0,353,1,0
3,0,558,0,0
5,1,3,2,0
4,2,503,0,0
4,1,164,1,0
8,2,1217,2,0
4,1,418,2,0
4,2,414,1,1
0,0,713,1,0
5,0,1347,1,1
2,0,607,0,0
0,2,177,0,0
5,2,826,2,0
3,2,477,2,0
7,1,664,2,0
4,1,1432,1,1
2,0,739,2,0
1,1,915,2,0
6,0,1223,0,0
9,1,565,0,0
9,2,1185,1,1
3,0,873,0,0
8,0,1175,1,1
1,2,872,0,0
7,0,1206,2,0
8,0,1152,0,0
