Seniority,Purchase_Propensity,CompanySize,Contactable,Action
2,3,905,8,0
0,5,1117,5,0
5,2,270,0,0
7,6,1054,0,0
0,3,435,5,0
9,9,1452,4,0
3,6,438,4,0
8,0,186,8,1
6,2,907,1,0
6,3,597,4,0
4,0,613,0,0
6,8,808,3,0
7,1,1401,6,0
4,5,1373,1,0
5,0,1031,7,1
1,7,963,5,0
6,5,190,1,0
2,5,1478,5,0
7,1,1218,7,1
6,4,196,2,0
5,7,1032,6,0
1,8,68,3,0
5,2,589,9,1
3,0,1316,2,0
0,6,392,3,0
5,5,723,3,0
6,9,1253,9,1
5,4,1121,8,1
4,6,959,5,0
0,0,508,8,0
2,9,214,4,0
4,6,400,5,0
2,7,314,2,0
0,8,1398,0,0
9,1,579,4,0
6,3,591,7,1
8,2,1304,3,0
1,2,69,4,0
7,6,407,9,1
9,7,702,2,0
9,6,899,8,1
2,1,776,1,0
9,5,1199,0,0
5,6,1473,2,0
8,5,1294,6,0
6,3,204,9,1
6,9,439,0,0
4,0,1321,6,0
3,6,196,8,0
1,1,439,7,0
7,8,853,7,1
2,9,133,5,0
6,4,309,3,0
2,9,812,3,0
7,8,450,7,1
3,0,1318,2,0
6,7,1238,4,0
2,3,615,4,0
2,7,928,6,0
7,8,1425,3,0
9,9,525,6,0
3,1,1287,4,0
0,1,30,9,0
8,8,1130,8,1
3,5,587,0,0
6,8,1221,2,0
8,7,601,3,0
0,0,691,7,0
9,9,1319,1,0
7,2,1283,9,1
9,0,1094,1,0
8,1,663,4,0
8,9,917,0,0
7,6,653,2,0
8,0,513,9,1
8,1,144,4,0
2,1,1139,0,0
9,8,1214,8,1
9,8,322,1,0
0,4,1151,2,0
2,7,1199,8,1
5,0,1425,2,0
7,6,834,7,1
8,3,1102,3,0
9,8,784,4,0
5,1,797,4,0
2,4,339,4,0
0,2,1318,8,0
4,8,1338,7,1
3,4,1281,9,0
5,7,1381,4,0
7,9,1239,0,0
7,8,19,7,1
0,6,921,2,0
5,3,342,0,0
3,6,632,1,0
3,6,834,8,0
1,3,1394,4,0
2,6,1039,6,0
3,3,989,1,0
6,8,754,2,0
9,1,780,2,0
5,9,1483,6,0
6,9,395,7,1
0,0,91,7,0
8,4,167,5,0
3,4,323,5,0
7,4,215,7,1
5,3,1250,8,1
0,8,1196,9,1
4,5,1156,2,0
0,4,207,6,0
4,1,1310,9,1
0,2,767,9,0
4,6,1255,7,1
7,0,874,0,0
4,9,1382,1,0
0,1,568,8,0
1,8,1036,5,0
3,1,1100,0,0
4,2,1210,4,0
6,1,981,0,0
0,4,975,0,0
8,6,121,6,0
2,7,1477,7,1
2,9,402,3,0
4,7,682,4,0
6,3,1222,1,0
6,2,1487,5,0
0,9,1285,3,0
9,0,516,4,0
8,8,1403,1,0
6,0,1335,1,0
3,2,1258,4,0
1,7,95,6,0
7,9,1378,6,0
0,7,971,9,1
1,9,583,4,0
3,4,480,4,0
9,6,227,9,1
8,2,201,2,0
4,7,967,8,1
3,7,1073,1,0
4,9,860,7,1
8,5,503,8,1
1,6,421,8,0
4,1,556,0,0
7,0,429,8,1
4,6,737,7,1
9,3,977,6,0
7,2,177,0,0
6,9,882,6,0
4,2,976,9,1
3,8,597,4,0
1,1,1491,1,0
3,6,467,9,0
0,9,1266,1,0
3,9,1317,3,0
4,7,824,3,0
2,3,837,2,0
0,9,1235,9,1
5,0,931,5,0
1,5,1392,8,0
5,7,1289,4,0
4,6,1420,2,0
3,4,727,1,0
3,5,335,3,0
2,4,378,9,0
2,3,639,1,0
0,1,1460,1,0
8,1,140,8,1
2,7,63,7,0
4,8,413,6,0
4,8,525,4,0
6,5,10,8,1
7,2,1056,1,0
0,1,375,0,0
2,2,1059,8,0
9,6,856,8,1
2,5,24,4,0
1,4,758,1,0
9,5,1194,7,1
1,6,659,6,0
0,7,1487,4,0
7,9,852,2,0
3,0,1465,8,0
5,4,482,2,0
6,1,325,7,1
7,5,541,5,0
9,6,1117,5,0
7,1,622,8,1
4,9,1043,7,1
8,4,368,7,1
7,5,517,4,0
1,2,14,0,0
8,5,788,0,0
3,3,467,3,0
3,6,503,7,0
4,3,1057,9,1
4,4,410,8,1
0,4,472,0,0
6,1,1049,1,0
8,8,712,2,0
8,6,1230,7,1
3,1,620,4,0
0,3,857,0,0
8,1,1350,1,0
6,8,303,5,0
2,8,951,6,0
0,4,1162,9,0
2,3,1094,7,0
0,3,386,1,0
6,7,331,1,0
4,7,759,6,0
6,9,214,5,0
9,4,272,4,0
3,5,862,1,0
3,5,1396,9,0
1,3,1145,0,0
3,3,1151,8,0
0,1,1373,3,0
5,1,761,8,1
9,3,83,5,0
7,2,1005,2,0
6,5,1272,3,0
8,3,1118,0,0
8,9,1105,8,1
1,7,574,1,0
2,4,608,2,0
3,7,19,2,0
2,1,361,0,0
1,7,200,8,0
8,7,194,9,1
4,6,1063,4,0
9,6,139,6,0
6,7,276,4,0
7,7,1062,0,0
7,1,972,9,1
9,4,1423,3,0
4,0,586,6,0
2,1,1462,6,0
7,2,1290,7,1
7,8,712,0,0
1,2,381,4,0
4,3,1394,5,0
3,8,801,8,1
3,3,303,0,0
6,3,259,4,0
9,6,1136,3,0
4,5,1253,8,1
8,4,8,9,1
0,3,842,0,0
6,0,1107,6,0
7,9,996,4,0
5,0,1214,8,1
8,8,501,3,0
7,3,969,1,0
0,6,96,3,0
8,3,1305,9,1
0,4,1450,7,0
4,8,1320,8,1
1,7,1255,1,0
3,8,506,4,0
5,5,1487,3,0
1,3,121,7,0
8,2,308,9,1
5,8,139,2,0
1,7,1259,4,0
4,5,486,7,1
9,2,127,4,0
8,9,724,1,0
8,8,1281,1,0
4,1,452,0,0
6,8,477,2,0
0,4,1014,7,0
8,7,1061,8,1
6,4,107,3,0
0,7,310,5,0
9,4,302,8,1
9,0,632,9,1
5,0,63,3,0
2,9,373,6,0
8,2,287,6,0
5,4,91,2,0
6,4,178,9,1
0,4,464,0,0
8,9,929,7,1
0,6,1033,7,0
8,2,984,4,0
8,4,915,3,0
1,0,1497,2,0
4,1,1233,1,0
7,6,723,4,0
6,0,1346,9,1
1,3,398,0,0
3,6,1427,6,0
4,6,800,2,0
5,3,1340,4,0
2,2,409,2,0
7,1,858,3,0
2,5,422,9,0
5,5,1355,5,0
1,5,29,6,0
4,4,243,1,0
4,8,377,1,0
0,7,1262,3,0
2,3,423,6,0
7,3,543,1,0
4,8,39,3,0
1,6,754,8,0
5,3,32,8,1
1,5,1291,8,0
6,1,155,5,0
2,8,1207,6,0
3,5,242,5,0
0,1,70,9,0
9,6,608,4,0
0,5,214,8,0
5,7,710,5,0
3,0,600,6,0
9,3,178,7,1
0,4,535,7,0
0,7,1448,1,0
7,3,635,4,0
6,3,592,3,0
2,4,70,5,0
4,4,1235,9,1
5,1,603,9,1
9,0,1216,9,1
6,6,28,4,0
7,5,1300,4,0
7,3,194,6,0
9,3,1105,1,0
0,5,660,6,0
3,8,1002,2,0
8,4,63,5,0
9,2,849,0,0
9,2,1419,5,0
2,9,1141,5,0
5,2,88,0,0
3,7,1103,2,0
3,8,1274,3,0
5,4,208,6,0
9,6,1051,4,0
5,3,838,3,0
1,5,32,8,0
5,5,1263,4,0
7,2,468,4,0
2,3,762,9,0
7,4,1151,2,0
3,1,640,5,0
6,2,1408,7,1
0,1,61,0,0
8,8,1460,7,1
9,1,1176,5,0
0,1,174,7,0
5,9,327,2,0
2,2,170,0,0
3,1,1269,9,0
2,5,1030,0,0
8,8,1289,4,0
5,3,326,2,0
2,4,62,3,0
5,9,445,5,0
6,3,340,4,0
3,2,1098,1,0
3,6,1030,0,0
6,0,1395,8,1
0,9,413,8,0
5,9,847,2,0
9,4,1212,5,0
6,9,225,9,1
2,0,962,1,0
0,8,536,0,0
4,3,87,7,1
3,7,422,0,0
4,4,546,6,0
8,2,131,8,1
8,5,504,9,1
2,5,432,3,0
8,3,278,4,0
0,9,1135,6,0
8,0,507,2,0
4,0,1406,6,0
2,1,454,0,0
8,3,948,4,0
3,4,636,5,0
5,9,976,6,0
5,2,1222,1,0
3,9,881,4,0
4,9,422,1,0
2,9,779,8,1
8,0,276,7,1
4,2,1256,1,0
8,8,760,7,1
8,6,70,1,0
7,9,310,3,0
6,8,979,0,0
9,5,1372,0,0
7,5,1453,5,0
3,1,1058,6,0
6,4,826,9,1
4,5,785,8,1
5,0,57,6,0
5,3,1181,4,0
3,4,16,2,0
5,2,1200,3,0
2,6,516,8,0
9,6,608,7,1
6,7,436,2,0
0,8,27,8,0
4,6,175,4,0
8,8,117,9,1
5,7,1211,7,1
5,3,322,8,1
6,8,548,4,0
0,2,1407,7,0
6,4,755,0,0
7,8,1444,0,0
8,1,1108,9,1
7,1,296,5,0
3,1,94,9,0
5,3,725,9,1
9,5,836,7,1
5,4,1128,7,1
0,4,187,5,0
2,4,1476,0,0
8,6,273,0,0
2,8,1202,0,0
3,5,189,4,0
6,6,1400,4,0
2,3,1420,0,0
6,4,126,1,0
3,6,817,2,0
7,0,1216,0,0
8,2,341,3,0
8,6,796,4,0
3,0,1144,6,0
8,4,807,9,1
0,8,1496,5,0
2,8,375,6,0
7,5,1296,7,1
2,2,161,4,0
5,5,186,1,0
0,8,593,0,0
1,6,244,4,0
8,7,1112,6,0
3,8,656,5,0
3,1,808,9,0
4,9,1040,9,1
2,7,867,0,0
5,0,1170,1,0
8,9,662,6,0
6,3,1339,1,0
6,2,824,3,0
6,2,1206,2,0
3,6,136,7,0
3,9,1488,3,0
0,9,628,3,0
3,2,400,4,0
5,3,276,1,0
8,2,479,4,0
9,0,54,5,0
8,6,1200,2,0
7,4,784,5,0
1,7,650,8,1
4,9,112,3,0
2,1,611,0,0
7,4,591,0,0
8,6,68,0,0
7,9,463,2,0
5,5,727,4,0
6,2,970,7,1
5,5,1415,1,0
0,8,788,5,0
2,8,606,0,0
8,8,189,9,1
6,9,890,3,0
8,6,386,1,0
0,8,1046,0,0
3,0,872,5,0
8,0,287,6,0
0,1,832,1,0
8,7,1010,1,0
6,9,1344,4,0
9,3,622,0,0
0,2,335,0,0
2,8,822,9,1
9,6,164,4,0
2,3,1453,2,0
7,6,1405,0,0
7,3,1297,3,0
9,3,432,8,1
1,1,555,1,0
4,9,311,0,0
5,2,1419,4,0
2,0,623,5,0
7,9,54,8,1
2,3,115,3,0
8,2,615,6,0
4,2,91,7,1
0,7,1487,6,0
6,9,1426,1,0
0,8,640,1,0
6,6,767,6,0
8,0,128,1,0
9,0,1327,4,0
2,6,880,3,0
9,7,587,8,1
1,5,426,4,0
6,2,1310,4,0
4,9,317,8,1
5,5,93,8,1
1,1,1299,8,0
1,1,1449,6,0
7,1,187,0,0
1,2,662,3,0
9,4,572,5,0
7,2,949,5,0
1,7,1356,7,1
0,1,1411,0,0
6,8,456,9,1
0,2,311,3,0
6,1,410,3,0
9,8,789,6,0
2,3,377,8,0
4,1,1000,2,0
6,2,1081,9,1
9,0,1316,2,0
0,0,1458,3,0
7,6,559,6,0
0,6,705,7,0
1,0,222,2,0
1,0,849,1,0
5,0,590,2,0
3,6,659,2,0
8,4,851,2,0
9,0,650,4,0
3,8,93,8,0
3,8,190,7,0
2,0,249,1,0
4,0,684,6,0
2,5,874,9,0
2,8,119,3,0
6,8,892,8,1
2,1,1039,1,0
4,1,692,0,0
0,1,1132,3,0
8,0,215,0,0
7,9,160,9,1
8,8,922,3,0
2,1,342,9,0
5,4,288,2,0
3,7,1457,3,0
1,6,218,4,0
6,8,763,5,0
7,8,419,5,0
6,8,1275,3,0
9,6,1476,5,0
6,0,1429,7,1
1,3,903,9,0
3,2,1019,9,0
0,2,523,0,0
5,8,361,8,1
9,2,1385,7,1
8,7,498,7,1
0,5,545,4,0
2,2,376,2,0
3,7,1162,4,0
0,5,240,0,0
6,6,178,5,0
3,2,1315,6,0
9,2,682,7,1
8,7,539,9,1
1,9,1434,6,0
2,4,1179,1,0
8,7,1084,2,0
0,5,1048,3,0
3,8,1439,1,0
6,8,1025,7,1
5,4,454,2,0
7,2,472,8,1
4,0,354,0,0
6,2,1020,5,0
5,6,382,4,0
5,6,1116,4,0
7,5,360,3,0
7,1,655,4,0
5,9,246,1,0
4,8,1464,8,1
4,9,97,5,0
3,1,519,6,0
9,2,370,5,0
1,1,1172,3,0
7,6,296,9,1
7,5,196,1,0
0,4,736,1,0
6,7,359,8,1
6,0,267,2,0
3,0,485,9,0
6,3,11,5,0
2,7,1059,0,0
4,3,379,0,0
3,6,292,8,0
4,2,1336,1,0
6,4,18,0,0
5,4,1271,6,0
1,9,453,1,0
7,9,1283,0,0
1,4,1171,8,0
5,8,994,8,1
9,5,417,5,0
6,2,1037,5,0
4,9,1457,3,0
4,9,1389,2,0
8,6,369,8,1
6,3,76,6,0
3,5,1196,0,0
3,7,31,0,0
5,7,1303,7,1
2,7,26,9,0
6,7,363,2,0
1,9,906,9,1
1,1,736,4,0
3,7,575,6,0
4,3,284,6,0
0,8,847,3,0
6,4,723,3,0
8,8,771,8,1
6,2,877,1,0
1,2,198,1,0
5,2,1334,9,1
0,5,996,8,0
2,5,960,0,0
9,2,1485,0,0
3,9,1263,8,1
5,3,1478,1,0
4,6,1171,3,0
9,6,744,5,0
7,1,708,3,0
3,9,903,3,0
8,7,318,4,0
7,3,1215,1,0
3,8,859,1,0
5,2,1017,8,1
5,0,383,3,0
9,4,676,4,0
6,8,1312,2,0
7,9,138,8,1
7,9,1498,9,1
4,9,665,5,0
6,2,1013,1,0
0,9,39,8,0
1,3,691,6,0
3,8,1320,6,0
6,9,501,7,1
0,3,246,7,0
6,6,35,0,0
6,8,629,2,0
3,4,923,2,0
3,3,788,5,0
7,9,593,1,0
8,0,1328,8,1
7,0,640,5,0
6,7,82,3,0
2,8,57,9,0
1,6,1485,3,0
5,9,1020,4,0
0,2,522,2,0
8,2,1383,3,0
6,6,30,0,0
1,9,649,8,1
9,9,525,8,1
1,3,1463,9,0
9,4,834,6,0
6,6,576,8,1
3,0,618,1,0
5,7,1211,3,0
0,7,717,3,0
0,3,400,8,0
4,9,221,0,0
4,0,510,5,0
8,0,805,8,1
1,6,927,4,0
7,4,7,0,0
4,5,1422,1,0
2,6,949,7,0
2,3,729,8,0
3,4,886,5,0
5,7,321,4,0
4,2,331,9,1
9,3,1244,0,0
0,2,701,7,0
0,6,451,4,0
2,1,499,5,0
2,7,434,3,0
3,8,264,5,0
0,3,227,5,0
6,6,538,2,0
3,3,1027,9,0
6,9,614,7,1
0,8,1297,9,1
6,2,1121,1,0
0,2,685,8,0
1,3,361,8,0
9,2,732,7,1
6,6,1258,1,0
5,5,1229,5,0
2,5,515,2,0
0,1,1144,3,0
0,2,705,5,0
5,8,842,5,0
5,2,677,0,0
8,8,910,1,0
0,0,1356,3,0
2,6,1467,4,0
7,9,446,4,0
5,5,752,1,0
0,6,1198,9,0
8,5,1231,5,0
6,7,368,0,0
6,8,641,6,0
7,1,1115,6,0
9,1,627,5,0
7,4,466,0,0
6,7,1073,0,0
9,9,1156,0,0
2,6,906,8,0
8,7,907,8,1
0,0,455,2,0
3,3,1316,1,0
8,6,1085,6,0
5,1,1499,0,0
6,7,304,6,0
6,9,642,6,0
8,7,199,1,0
4,1,1018,7,1
2,6,321,7,0
8,1,91,1,0
3,6,934,0,0
9,7,224,8,1
1,6,676,6,0
9,4,1133,0,0
7,4,74,0,0
9,0,447,8,1
7,9,1149,4,0
6,9,724,3,0
3,0,1449,9,0
2,5,866,5,0
7,7,1200,6,0
1,0,708,8,0
0,9,1477,5,0
1,8,1251,8,1
6,1,286,6,0
3,3,586,4,0
0,8,1346,8,1
5,3,508,9,1
1,4,1406,9,0
6,9,770,0,0
6,1,554,9,1
7,3,210,8,1
4,3,881,2,0
2,4,1453,4,0
8,1,1025,6,0
4,7,333,8,1
2,1,778,1,0
8,5,967,3,0
4,8,605,0,0
5,7,356,0,0
6,3,100,1,0
0,6,1279,0,0
8,4,1372,3,0
2,8,1267,5,0
2,5,979,3,0
1,1,1014,3,0
2,6,1386,1,0
8,5,280,2,0
4,0,1253,3,0
5,9,1377,3,0
4,8,175,8,1
5,5,383,4,0
8,0,875,0,0
1,3,634,4,0
2,3,792,0,0
6,6,904,5,0
9,3,867,2,0
0,7,647,3,0
5,9,979,7,1
7,7,595,6,0
1,0,1423,8,0
6,5,454,0,0
7,4,1452,7,1
5,9,351,2,0
7,1,1405,0,0
5,4,743,5,0
7,3,1369,8,1
1,5,462,8,0
9,5,366,6,0
1,1,1265,3,0
4,9,35,5,0
8,1,1164,6,0
3,9,258,2,0
9,9,1070,6,0
4,7,8,2,0
0,0,113,3,0
4,9,1203,9,1
2,2,634,3,0
9,3,366,3,0
7,0,1227,5,0
9,5,993,0,0
1,9,418,3,0
7,6,1170,2,0
7,3,984,0,0
3,9,435,4,0
7,4,1227,3,0
1,5,1040,7,0
8,0,1433,5,0
8,7,279,0,0
8,9,543,5,0
8,3,349,7,1
0,8,433,4,0
3,0,481,2,0
9,0,765,1,0
3,7,500,3,0
3,0,411,4,0
1,6,1281,6,0
3,8,485,8,0
6,2,1197,8,1
4,9,251,0,0
6,2,427,0,0
8,8,1266,7,1
7,4,966,3,0
2,5,883,1,0
7,4,902,0,0
3,0,133,1,0
7,6,1272,2,0
0,2,254,2,0
7,7,1264,4,0
3,7,59,6,0
0,0,1182,0,0
9,6,1470,1,0
8,1,336,7,1
7,4,1128,5,0
2,9,1096,6,0
7,6,380,2,0
2,9,8,7,0
5,3,636,4,0
5,9,463,3,0
1,9,1059,0,0
8,3,546,4,0
4,8,273,0,0
0,9,525,1,0
9,5,1038,5,0
6,0,267,6,0
5,1,490,9,1
3,2,1214,8,0
8,4,91,4,0
9,1,1173,7,1
3,3,661,1,0
8,4,319,7,1
1,5,1403,6,0
6,8,941,3,0
3,7,1113,1,0
8,3,1494,7,1
1,7,955,6,0
3,1,14,6,0
0,9,1330,6,0
3,9,378,4,0
7,7,977,8,1
8,1,1378,7,1
6,2,965,1,0
5,7,202,9,1
5,2,687,0,0
1,0,1232,0,0
8,2,136,7,1
2,2,174,1,0
8,2,316,8,1
2,0,1337,1,0
9,9,311,0,0
7,8,1304,2,0
8,0,143,7,1
7,1,320,6,0
1,7,1174,4,0
0,0,1011,5,0
4,9,1476,8,1
6,8,1160,4,0
7,1,201,2,0
1,9,715,8,1
9,4,1068,2,0
1,6,169,4,0
9,9,355,8,1
2,7,1201,6,0
0,0,1463,1,0
8,5,255,6,0
7,0,735,2,0
3,5,644,4,0
0,4,1087,3,0
2,2,596,2,0
6,8,1298,9,1
2,0,746,3,0
9,9,866,0,0
1,0,1286,8,0
6,1,1235,5,0
1,1,560,6,0
6,8,658,9,1
8,6,838,4,0
3,2,341,2,0
1,2,768,2,0
5,0,1187,4,0
2,7,947,2,0
8,4,632,9,1
4,3,57,2,0
3,4,812,0,0
0,6,1038,1,0
1,2,609,1,0
7,1,917,6,0
8,7,1468,1,0
7,9,1177,0,0
2,2,284,2,0
4,4,1438,1,0
5,8,467,0,0
1,6,633,1,0
9,7,682,0,0
9,9,702,5,0
4,3,1441,1,0
2,9,615,0,0
3,6,948,7,0
7,3,207,4,0
7,7,1326,0,0
0,7,1335,0,0
9,5,1178,3,0
5,8,390,2,0
0,2,128,7,0
5,3,372,9,1
3,7,70,5,0
9,8,832,1,0
6,9,1307,4,0
2,7,483,9,0
0,1,1105,4,0
8,2,723,2,0
6,2,1389,6,0
4,4,1233,3,0
8,6,877,4,0
6,5,554,9,1
6,3,1435,0,0
4,3,20,0,0
1,5,11,0,0
3,5,742,4,0
8,4,159,1,0
0,6,971,7,0
4,4,783,9,1
1,8,396,8,0
5,1,133,2,0
9,7,953,7,1
1,7,207,0,0
5,1,530,8,1
1,8,36,4,0
8,8,570,8,1
6,3,938,7,1
8,1,1463,8,1
2,5,862,2,0
5,0,1427,7,1
9,0,749,8,1
8,1,518,4,0
1,9,114,6,0
5,9,908,7,1
6,1,966,4,0
3,2,1330,0,0
9,1,1255,2,0
8,1,178,3,0
8,0,1274,4,0
4,7,1382,9,1
3,9,664,6,0
5,3,1257,7,1
3,0,1341,0,0
7,8,684,1,0
7,4,742,3,0
1,8,904,6,0
6,2,790,2,0
3,0,433,7,0
8,6,232,8,1
2,3,705,2,0
9,0,1220,7,1
6,3,45,2,0
5,1,869,8,1
3,3,925,3,0
5,1,863,3,0
8,5,242,9,1
1,6,607,8,0
8,8,1160,1,0
5,0,249,0,0
7,1,575,1,0
1,7,115,5,0
2,1,99,7,0
0,0,743,5,0
4,7,7,5,0
6,8,1262,3,0
5,1,193,2,0
6,9,1002,2,0
3,5,556,4,0
8,5,1290,6,0
2,8,1033,6,0
0,9,1196,2,0
3,5,28,4,0
0,9,461,0,0
3,3,1313,2,0
7,7,55,4,0
3,6,1451,6,0
0,5,700,2,0
1,2,380,7,0
4,8,1474,2,0
4,9,1271,1,0
5,4,779,1,0
5,1,1100,4,0
8,7,405,0,0
9,4,1036,3,0
2,3,756,0,0
3,7,456,8,0
8,3,287,2,0
6,6,1375,6,0
4,0,177,7,1
1,2,968,4,0
2,9,897,1,0
9,1,437,6,0
3,4,1400,6,0
2,8,83,0,0
6,5,558,7,1
4,6,648,8,1
5,1,226,8,1
4,2,1357,0,0
8,0,534,6,0
7,3,212,4,0
7,6,370,2,0
5,6,644,1,0
0,9,156,0,0
3,7,7,0,0
4,3,832,1,0
7,3,845,5,0
3,0,935,7,0
4,3,1380,7,1
2,6,1297,6,0
9,6,1335,2,0
2,8,1219,9,1
8,7,911,8,1
7,2,1224,3,0
0,4,1338,8,0
0,8,731,2,0
9,7,1223,6,0
4,9,140,9,1
8,5,147,5,0
8,8,843,4,0
7,7,487,5,0
6,9,621,2,0
2,6,322,4,0
9,9,1237,5,0
3,4,1204,8,0
9,3,1163,6,0
9,7,377,8,1
8,7,1400,0,0
8,2,275,5,0
2,6,1220,0,0
0,6,558,4,0
9,3,1329,1,0
2,4,764,1,0
9,8,1249,9,1
0,1,1351,1,0
7,6,777,0,0
5,3,1458,3,0
5,6,1058,5,0
9,0,751,1,0
6,6,659,7,1
6,0,1045,0,0
3,7,598,0,0
9,2,744,9,1
0,9,362,8,0
9,3,66,9,1
3,6,653,7,0
4,4,1092,9,1
5,1,878,8,1
5,0,901,8,1
5,1,1230,8,1
9,7,1150,2,0
8,0,1048,8,1
4,3,819,3,0
6,4,661,6,0
7,1,115,3,0
1,6,725,7,0
8,8,451,8,1
4,3,549,0,0
4,3,793,5,0
8,8,1263,4,0
5,7,56,2,0
2,9,991,4,0
2,4,217,1,0
9,4,545,0,0
6,7,618,8,1
8,7,279,0,0
1,4,107,7,0
6,4,1122,4,0
5,5,53,5,0
2,2,129,9,0
0,3,935,8,0
1,2,645,3,0
9,8,377,8,1
9,1,901,9,1
7,5,135,2,0
6,3,1286,6,0
9,8,1440,6,0
8,2,510,4,0
1,9,588,4,0
0,1,633,2,0
9,9,1149,6,0
0,6,1050,1,0
6,9,794,9,1
8,2,1047,1,0
5,7,566,5,0
8,1,1053,9,1
6,0,584,9,1
7,1,163,2,0
6,5,831,8,1
3,5,761,4,0
3,8,829,4,0
6,0,752,2,0
5,0,1173,5,0
2,5,1274,2,0
5,5,835,1,0
3,7,666,4,0
6,8,835,1,0
8,2,526,1,0
0,9,210,8,0
3,3,617,0,0
8,4,1413,6,0
7,7,121,5,0
3,8,247,0,0
4,4,40,7,1
8,3,622,3,0
2,0,1434,2,0
3,6,812,4,0
6,2,1306,0,0
3,3,831,2,0
2,0,728,6,0
5,0,1375,1,0
9,5,195,5,0
2,3,116,8,0
6,2,1060,5,0
3,8,974,0,0
9,3,551,9,1
8,9,366,3,0
6,7,257,6,0
3,9,28,5,0
3,6,609,0,0
2,3,60,1,0
2,6,1261,7,0
4,7,1023,8,1
0,0,439,2,0
4,3,1271,8,1
7,7,162,8,1
0,5,3,0,0
3,0,664,1,0
9,1,735,9,1
7,8,135,0,0
9,6,67,9,1
7,4,424,8,1
3,5,271,6,0
8,9,769,2,0
3,4,1468,1,0
3,5,1324,3,0
0,7,1225,4,0
4,9,775,2,0
4,2,767,4,0
8,5,744,3,0
1,7,302,6,0
6,4,326,6,0
6,6,1006,1,0
4,6,1490,3,0
4,1,996,2,0
3,6,1383,1,0
2,0,1377,1,0
5,1,673,9,1
5,8,1021,0,0
2,7,1481,5,0
9,3,1080,0,0
8,3,944,2,0
4,0,124,0,0
1,9,1166,3,0
8,3,1254,3,0
2,7,579,1,0
5,0,913,9,1
4,8,1413,5,0
2,0,1479,0,0
7,2,670,2,0
4,8,58,0,0
8,3,57,9,1
9,4,603,5,0
2,9,889,3,0
1,1,896,3,0
1,9,1135,9,1
6,4,869,1,0
7,3,1062,7,1
9,8,422,1,0
2,0,594,2,0
2,7,1471,5,0
9,2,1337,1,0
9,9,44,9,1
9,0,39,4,0
6,1,1136,4,0
8,8,556,5,0
7,1,299,2,0
7,2,511,1,0
6,8,283,7,1
4,8,195,5,0
5,6,1213,7,1
2,8,339,2,0
4,9,94,4,0
8,2,315,2,0
3,3,944,9,0
6,6,718,5,0
1,2,440,6,0
0,9,1432,2,0
5,2,152,6,0
5,2,1083,1,0
8,9,1127,3,0
8,1,1011,7,1
9,8,1370,7,1
6,0,265,9,1
6,0,579,4,0
6,7,1207,0,0
9,1,1202,5,0
0,2,671,5,0
4,4,1348,1,0
2,9,808,8,1
8,9,108,6,0
4,6,140,7,1
9,1,1280,1,0
4,8,413,7,1
8,0,1106,5,0
3,6,930,8,0
5,2,677,1,0
5,6,159,0,0
3,3,742,6,0
9,3,199,7,1
1,6,1268,1,0
0,2,1378,3,0
8,4,368,4,0
0,5,648,4,0
1,5,1174,9,0
0,5,1436,3,0
5,1,773,2,0
5,8,785,8,1
2,8,389,4,0
4,8,1406,9,1
7,5,101,5,0
8,0,568,2,0
0,1,294,5,0
7,0,646,8,1
5,7,150,9,1
8,2,1418,9,1
8,8,1193,8,1
6,9,295,7,1
0,9,1148,8,1
0,3,908,6,0
4,7,1275,1,0
1,5,850,8,0
0,6,1270,1,0
4,6,744,8,1
2,8,1485,2,0
1,5,743,1,0
4,9,1154,0,0
8,4,310,2,0
7,2,764,1,0
8,5,1408,5,0
3,0,668,0,0
4,9,550,9,1
6,7,722,3,0
9,0,397,3,0
1,4,7,4,0
5,9,562,9,1
1,1,697,0,0
9,9,1278,7,1
6,2,364,9,1
7,1,1071,9,1
2,3,1280,7,0
3,1,880,4,0
1,9,1002,5,0
3,3,1065,1,0
5,3,1004,3,0
6,5,879,8,1
9,5,936,1,0
2,5,543,4,0
2,7,676,5,0
2,6,584,0,0
2,9,537,0,0
0,6,612,6,0
8,7,66,6,0
0,5,1314,9,0
4,1,1155,2,0
1,7,374,9,0
9,5,1379,4,0
4,3,293,3,0
0,2,1119,3,0
0,2,350,4,0
6,8,29,4,0
7,9,1169,0,0
2,5,1209,0,0
7,4,574,6,0
5,7,1009,3,0
0,4,455,6,0
7,8,1153,4,0
3,2,833,2,0
3,3,360,4,0
6,9,1067,6,0
5,1,965,7,1
4,2,1209,4,0
9,1,235,1,0
4,0,18,1,0
8,3,561,8,1
0,3,778,2,0
7,7,1349,9,1
8,6,856,3,0
0,5,772,1,0
2,2,90,7,0
0,4,1013,4,0
2,0,874,7,0
7,8,200,5,0
3,1,246,5,0
4,7,24,9,1
6,3,128,2,0
9,3,405,5,0
1,2,538,1,0
3,7,1259,4,0
4,3,1189,3,0
1,4,73,4,0
0,8,289,9,0
7,6,589,5,0
7,7,1129,6,0
4,8,387,9,1
9,6,1415,2,0
4,9,90,4,0
3,2,1033,3,0
1,5,463,7,0
2,2,504,0,0
0,1,951,5,0
3,9,1370,8,1
1,0,371,9,0
5,7,1400,2,0
7,7,1352,4,0
5,3,914,7,1
6,1,454,4,0
6,8,775,6,0
7,5,883,8,1
6,7,62,3,0
9,0,660,0,0
9,8,1049,7,1
9,0,574,7,1
4,6,812,2,0
7,5,252,5,0
2,7,1209,2,0
0,2,86,8,0
2,4,304,4,0
5,3,1428,7,1
4,3,863,1,0
6,5,409,8,1
5,5,385,7,1
9,6,609,8,1
5,2,175,2,0
0,0,679,3,0
3,5,1392,8,0
3,6,809,7,0
1,0,676,1,0
0,7,955,3,0
7,9,1002,7,1
4,7,500,4,0
9,7,1367,0,0
4,6,1342,0,0
8,5,1144,9,1
2,1,1290,1,0
7,1,1226,8,1
1,8,1103,5,0
3,7,242,6,0
5,0,261,7,1
0,3,689,3,0
5,8,1417,6,0
7,9,606,0,0
3,3,853,4,0
9,6,503,8,1
7,8,899,0,0
7,6,57,3,0
4,8,523,9,1
3,9,405,0,0
9,3,252,7,1
9,6,157,2,0
5,9,1460,5,0
4,9,1184,9,1
1,1,825,5,0
2,3,594,5,0
4,7,337,6,0
8,2,284,6,0
2,8,645,5,0
3,2,1212,1,0
3,9,821,8,1
0,7,99,2,0
1,4,895,8,0
2,2,364,2,0
3,7,36,6,0
8,3,342,0,0
8,7,681,5,0
1,9,197,7,0
4,7,630,0,0
4,0,167,4,0
8,5,327,9,1
5,3,344,5,0
3,9,1374,3,0
4,6,1351,7,1
4,5,1385,4,0
9,9,1358,0,0
8,6,311,8,1
8,2,859,4,0
1,9,118,3,0
0,1,335,6,0
2,3,115,2,0
4,6,937,1,0
5,4,921,5,0
7,2,698,9,1
9,4,1423,8,1
8,5,1259,8,1
9,6,1327,7,1
4,9,140,9,1
6,1,374,8,1
1,7,1226,9,1
2,4,54,2,0
8,0,813,2,0
2,1,100,4,0
6,3,395,6,0
0,4,1278,8,0
8,7,377,9,1
3,3,767,0,0
2,7,609,2,0
7,5,505,6,0
6,1,647,5,0
2,1,695,4,0
9,4,472,7,1
9,9,22,2,0
0,7,540,7,0
7,0,949,8,1
7,4,1461,3,0
9,7,22,2,0
5,3,1000,2,0
9,2,375,5,0
8,0,421,8,1
1,8,1406,4,0
2,7,494,4,0
8,8,1035,7,1
0,7,579,5,0
2,8,1424,2,0
8,5,973,2,0
9,2,1306,5,0
3,6,959,5,0
7,9,856,2,0
3,7,229,8,0
5,1,911,8,1
9,9,943,3,0
7,2,783,4,0
5,3,25,0,0
8,7,853,4,0
1,3,438,8,0
8,1,1280,6,0
9,6,746,0,0
3,3,298,2,0
2,5,442,5,0
7,1,185,4,0
8,1,521,6,0
7,4,1285,1,0
6,5,493,0,0
9,5,173,0,0
0,7,966,3,0
1,6,478,7,0
7,0,435,7,1
4,6,246,2,0
8,7,688,5,0
1,2,1489,7,0
4,3,1126,4,0
3,0,724,2,0
2,9,375,1,0
0,8,812,3,0
1,6,380,9,0
1,3,146,0,0
8,1,42,4,0
2,2,1200,5,0
2,3,175,4,0
4,8,628,0,0
4,0,684,3,0
9,2,713,2,0
4,1,1348,7,1
4,7,1315,3,0
2,6,173,8,0
3,7,981,2,0
3,6,341,1,0
3,6,346,2,0
0,5,1034,4,0
6,9,1426,6,0
6,4,11,4,0
6,9,553,2,0
3,6,584,3,0
2,2,469,3,0
4,4,846,9,1
9,4,1032,2,0
0,1,586,0,0
9,5,1486,9,1
6,6,734,8,1
7,2,346,9,1
5,8,864,2,0
1,1,131,7,0
6,5,1101,3,0
7,7,1232,9,1
1,7,770,7,1
5,0,1448,5,0
6,8,520,2,0
0,8,181,0,0
2,3,64,1,0
3,3,879,3,0
8,8,928,8,1
5,1,258,3,0
1,6,1147,0,0
7,5,511,4,0
1,4,1462,9,0
9,9,693,2,0
0,2,904,7,0
7,3,1488,5,0
3,4,403,0,0
0,2,1201,2,0
0,6,1444,7,0
4,1,711,2,0
5,3,1432,4,0
0,7,1184,4,0
8,4,160,8,1
1,7,391,8,0
3,9,846,2,0
5,0,523,6,0
6,5,192,6,0
9,4,819,3,0
8,7,698,4,0
1,6,1061,1,0
1,0,806,0,0
5,5,520,9,1
7,0,633,3,0
1,7,659,8,1
0,6,906,9,0
6,1,719,5,0
3,6,59,2,0
7,3,369,7,1
4,9,567,6,0
9,8,125,9,1
5,9,1270,7,1
8,2,344,0,0
9,3,304,7,1
3,9,273,8,0
1,8,1060,3,0
6,1,647,1,0
0,0,1113,2,0
1,0,731,1,0
5,5,504,4,0
0,0,717,6,0
9,1,1009,4,0
6,2,1499,2,0
9,3,177,1,0
0,8,1052,3,0
6,3,216,2,0
5,9,1073,3,0
4,4,663,3,0
8,9,23,7,1
4,0,1242,3,0
7,9,865,6,0
1,9,338,9,0
1,8,414,2,0
8,6,1414,8,1
2,0,194,1,0
7,3,1038,5,0
0,5,690,3,0
9,0,1298,5,0
3,4,869,6,0
5,7,106,5,0
1,0,926,8,0
3,8,337,0,0
8,7,650,7,1
6,7,852,2,0
6,9,514,1,0
9,3,332,3,0
5,9,686,7,1
9,9,515,4,0
2,1,1379,9,0
8,5,835,9,1
5,1,378,1,0
6,9,1279,3,0
9,0,391,4,0
8,8,788,8,1
2,7,1388,9,1
2,8,1217,8,1
2,8,534,2,0
6,0,216,3,0
1,6,825,4,0
3,1,373,8,0
9,7,64,6,0
2,1,463,7,0
5,1,81,3,0
6,5,1379,8,1
5,5,454,9,1
9,4,1459,7,1
0,7,475,6,0
1,5,304,1,0
9,1,813,1,0
4,5,476,8,1
4,5,413,6,0
5,5,917,0,0
1,1,1129,9,0
2,3,285,4,0
8,5,295,4,0
7,9,668,0,0
1,7,1310,4,0
2,1,761,4,0
3,5,701,0,0
7,8,242,0,0
2,5,1364,7,0
1,9,623,5,0
1,5,1062,9,0
2,1,807,4,0
0,9,1102,4,0
8,4,1186,1,0
2,8,666,5,0
2,6,175,2,0
0,6,482,7,0
1,0,806,8,0
6,6,401,5,0
6,0,1483,2,0
6,5,1333,5,0
3,3,190,9,0
7,9,742,4,0
3,0,1398,3,0
7,2,1427,3,0
0,8,202,9,0
7,5,1122,1,0
1,5,1025,1,0
0,4,618,8,0
4,6,90,3,0
9,5,1003,7,1
1,7,95,2,0
2,7,734,2,0
1,0,544,5,0
1,7,59,4,0
9,1,1142,2,0
6,3,903,0,0
4,0,1404,5,0
0,0,715,8,0
8,0,1144,7,1
9,6,562,4,0
8,9,126,1,0
0,0,619,4,0
7,8,1451,1,0
3,5,29,0,0
9,6,487,1,0
8,0,1102,3,0
0,7,493,6,0
1,0,850,2,0
9,7,407,8,1
8,2,62,6,0
7,7,1121,8,1
6,9,1226,5,0
9,5,1250,8,1
2,7,959,4,0
2,9,1210,2,0
7,6,279,8,1
5,1,1143,1,0
2,3,1312,2,0
1,8,1489,9,1
1,6,649,1,0
3,2,941,0,0
3,1,578,0,0
5,8,486,3,0
4,7,1158,7,1
5,5,707,8,1
4,1,74,6,0
8,2,854,4,0
0,6,405,5,0
2,1,862,8,0
3,7,1216,5,0
0,4,466,5,0
3,7,817,4,0
2,6,456,0,0
8,0,975,5,0
6,9,887,0,0
4,0,791,9,1
0,2,794,4,0
7,1,18,4,0
5,6,816,7,1
4,5,382,1,0
3,2,728,6,0
8,8,1285,2,0
2,6,339,4,0
7,2,964,2,0
5,7,811,6,0
8,0,270,5,0
2,6,776,3,0
7,0,524,0,0
4,1,340,9,1
4,6,1448,5,0
7,9,1475,6,0
0,0,671,8,0
6,7,542,7,1
0,8,801,6,0
7,2,591,2,0
4,2,1300,0,0
8,5,1232,7,1
7,9,1290,5,0
4,0,1287,6,0
1,9,479,3,0
7,2,631,6,0
2,5,790,4,0
1,6,1442,6,0
8,6,960,4,0
8,4,898,3,0
0,7,424,6,0
4,7,1371,2,0
9,4,584,7,1
1,4,926,0,0
9,7,1193,7,1
7,7,1124,7,1
5,1,129,7,1
2,2,1218,3,0
4,2,401,9,1
6,1,1142,3,0
9,4,713,6,0
3,8,762,0,0
2,3,1283,9,0
2,4,569,7,0
3,3,1283,1,0
3,3,1020,2,0
1,6,305,7,0
0,6,658,7,0
3,8,1340,4,0
6,0,658,8,1
4,9,1270,3,0
7,0,1148,1,0
1,2,721,1,0
9,5,392,5,0
9,7,645,7,1
8,5,820,8,1
9,9,19,3,0
6,6,1078,0,0
4,8,390,6,0
6,5,815,7,1
8,7,979,6,0
6,9,427,6,0
4,6,632,9,1
4,9,1001,3,0
1,2,192,8,0
1,4,921,4,0
7,9,334,1,0
4,2,1117,1,0
0,3,489,8,0
8,2,1464,3,0
2,5,64,8,0
4,1,133,5,0
9,2,385,2,0
6,7,969,4,0
4,0,415,8,1
7,5,1205,9,1
8,6,785,9,1
1,3,261,0,0
9,3,1278,2,0
0,2,1278,7,0
5,9,1298,2,0
8,0,390,8,1
4,0,152,0,0
2,9,145,4,0
0,4,571,3,0
5,1,1229,3,0
0,0,369,8,0
8,8,127,3,0
8,2,1159,0,0
9,8,366,4,0
5,4,817,7,1
8,6,760,2,0
3,0,752,7,0
0,7,547,4,0
2,1,1163,1,0
1,1,18,3,0
8,4,1095,9,1
2,5,99,0,0
4,1,1254,6,0
7,5,510,2,0
9,2,372,6,0
2,1,1294,7,0
2,0,68,0,0
6,4,1408,4,0
8,0,1172,2,0
1,9,1333,1,0
9,6,1005,8,1
1,4,350,3,0
9,0,601,0,0
7,5,1029,0,0
8,2,151,1,0
1,4,88,3,0
3,9,591,6,0
9,1,1162,2,0
8,3,1283,1,0
8,8,264,1,0
9,7,537,3,0
6,8,1239,3,0
5,4,966,6,0
1,8,1336,0,0
0,6,722,2,0
9,5,531,3,0
5,6,1355,7,1
2,7,547,1,0
5,8,58,7,1
6,9,602,4,0
1,1,135,3,0
3,2,444,9,0
7,7,1049,5,0
8,5,805,9,1
5,7,204,3,0
2,9,989,4,0
6,0,843,5,0
6,7,405,4,0
6,2,152,9,1
8,4,610,2,0
1,0,1265,8,0
6,1,1309,6,0
8,0,639,4,0
9,2,1038,8,1
1,3,954,3,0
7,3,38,7,1
3,0,2,5,0
8,2,1413,3,0
7,5,773,1,0
0,2,387,0,0
3,7,300,7,0
6,9,1134,3,0
3,4,1129,9,0
2,3,1450,9,0
9,2,763,2,0
5,0,1194,9,1
3,8,163,3,0
3,3,52,2,0
7,9,1334,8,1
9,1,169,0,0
5,0,228,0,0
6,5,130,3,0
0,4,1040,2,0
5,0,1322,0,0
6,1,1205,2,0
8,7,808,5,0
9,7,395,1,0
8,6,1157,1,0
0,2,565,5,0
5,4,594,5,0
5,5,847,8,1
1,3,569,4,0
1,1,1000,7,0
0,1,1263,4,0
2,6,1352,3,0
4,0,610,1,0
9,5,1335,8,1
7,3,827,5,0
2,8,908,6,0
0,8,650,8,1
2,4,1049,1,0
0,5,1199,9,0
6,7,677,3,0
3,2,54,4,0
4,6,864,8,1
2,1,1201,2,0
5,4,1200,2,0
1,6,88,2,0
2,4,229,1,0
9,3,611,6,0
3,9,1429,0,0
4,2,1485,4,0
5,0,1089,8,1
6,3,199,3,0
7,7,220,1,0
2,5,280,8,0
9,0,1092,7,1
6,9,1058,0,0
0,2,250,2,0
1,5,172,5,0
1,6,208,1,0
3,9,318,9,0
7,2,123,4,0
7,0,1134,2,0
4,1,1394,9,1
3,6,1028,1,0
5,5,1335,4,0
3,9,127,9,0
1,7,652,4,0
9,0,1424,0,0
1,7,767,5,0
2,0,1442,2,0
0,4,213,8,0
1,8,356,4,0
4,3,1447,3,0
8,2,1377,6,0
9,3,927,3,0
9,6,652,7,1
4,7,428,5,0
1,5,213,6,0
8,2,658,6,0
7,0,1345,0,0
2,8,174,8,0
8,4,540,4,0
0,1,942,8,0
8,8,827,0,0
9,3,587,4,0
7,5,93,9,1
8,6,1186,4,0
5,6,1343,9,1
2,0,704,2,0
0,8,1270,8,1
2,5,1191,7,0
2,2,901,6,0
5,5,240,8,1
6,8,1041,4,0
9,7,706,9,1
8,3,969,0,0
9,7,431,8,1
2,9,584,5,0
2,7,488,9,0
0,5,350,3,0
9,5,490,1,0
6,9,457,9,1
4,5,890,4,0
6,9,1243,0,0
3,7,531,3,0
1,8,384,9,0
1,9,1484,3,0
6,3,28,6,0
9,7,1152,9,1
8,6,1235,6,0
9,2,1384,8,1
5,5,795,6,0
5,1,824,1,0
2,1,120,8,0
2,7,305,7,0
6,9,1191,3,0
9,2,985,7,1
7,1,160,1,0
3,6,1047,3,0
1,8,101,6,0
1,1,532,5,0
1,6,684,3,0
7,9,1348,2,0
9,3,818,2,0
3,5,493,8,0
1,5,988,6,0
7,6,474,0,0
9,0,1141,2,0
7,5,1478,1,0
9,2,208,6,0
3,8,627,1,0
4,5,1149,0,0
5,0,953,3,0
1,7,1459,6,0
9,0,1308,4,0
6,1,108,5,0
7,3,788,1,0
1,4,1263,7,0
7,3,225,5,0
9,8,379,1,0
9,4,1291,8,1
6,9,1239,0,0
6,3,841,0,0
7,2,1175,7,1
2,0,570,5,0
0,2,1462,4,0
7,3,807,5,0
0,9,324,9,0
1,7,1175,6,0
9,9,1124,7,1
3,3,1300,3,0
3,7,1468,7,1
9,5,250,6,0
5,3,120,0,0
3,3,188,5,0
1,4,1000,7,0
9,3,1031,7,1
5,4,588,6,0
1,0,1040,0,0
5,4,305,2,0
8,1,1491,8,1
4,3,1215,2,0
7,4,1160,1,0
2,7,509,2,0
5,0,706,5,0
6,6,1331,4,0
7,0,48,0,0
0,8,33,2,0
9,3,855,5,0
6,3,38,7,1
6,9,967,4,0
8,2,732,7,1
1,7,1459,4,0
5,4,892,3,0
2,8,1322,9,1
7,7,1346,6,0
9,9,745,3,0
9,9,489,6,0
9,7,1430,5,0
6,2,222,5,0
7,5,9,0,0
0,9,1198,0,0
9,1,604,6,0
2,9,1381,6,0
3,5,1392,2,0
3,3,1027,1,0
9,4,411,5,0
4,9,1272,6,0
3,1,159,2,0
6,5,506,4,0
0,5,166,8,0
1,3,1055,9,0
1,2,467,5,0
7,0,1428,9,1
7,8,1146,0,0
0,0,545,7,0
3,7,1221,8,1
1,4,1451,9,0
8,7,909,3,0
0,2,978,9,0
5,7,606,1,0
9,0,1211,4,0
5,4,545,3,0
5,7,65,9,1
7,4,431,8,1
9,2,1281,6,0
3,2,259,7,0
9,7,1298,9,1
0,3,584,2,0
0,7,1147,4,0
2,1,1297,7,0
2,1,206,1,0
0,9,776,5,0
8,3,1039,8,1
7,3,1089,3,0
1,1,1088,9,0
9,7,1420,9,1
3,9,169,7,0
2,0,1140,8,0
8,9,1373,3,0
5,8,174,3,0
1,5,1215,1,0
1,4,990,6,0
9,6,394,9,1
3,5,47,2,0
9,6,662,2,0
0,2,393,5,0
3,9,485,1,0
7,7,448,4,0
1,3,216,6,0
2,8,129,0,0
2,9,1345,8,1
6,7,1062,2,0
7,0,647,2,0
3,3,517,5,0
1,4,918,3,0
4,3,1066,3,0
4,8,1277,1,0
9,5,426,8,1
8,0,50,4,0
8,5,232,1,0
9,3,875,7,1
8,3,217,5,0
7,9,803,0,0
3,7,1009,0,0
1,5,1082,6,0
6,2,1479,9,1
5,1,800,3,0
6,4,261,2,0
6,2,233,9,1
7,6,31,4,0
0,4,1026,1,0
3,4,761,3,0
2,2,1015,6,0
5,1,154,4,0
5,5,524,1,0
8,5,763,2,0
0,1,655,0,0
4,5,1285,3,0
2,7,354,9,0
5,5,140,4,0
8,4,635,9,1
7,3,1146,0,0
7,8,72,8,1
1,3,1095,5,0
0,3,1105,0,0
5,4,42,7,1
5,7,15,3,0
7,4,804,8,1
5,3,1276,9,1
9,7,547,5,0
6,5,625,6,0
8,3,861,5,0
8,7,792,0,0
8,6,1393,7,1
4,9,1230,1,0
3,0,57,3,0
8,7,305,9,1
0,5,772,3,0
0,0,80,9,0
7,6,731,9,1
4,8,157,5,0
4,7,1358,8,1
2,9,139,7,0
0,9,563,2,0
1,0,517,1,0
4,2,100,2,0
4,0,438,0,0
2,1,1334,0,0
4,4,1145,5,0
7,9,473,6,0
0,6,881,0,0
3,5,740,1,0
3,3,810,6,0
6,9,862,6,0
1,9,960,7,1
7,3,901,3,0
0,1,353,5,0
1,0,590,3,0
0,6,934,1,0
8,4,313,7,1
7,0,959,2,0
9,6,1125,2,0
2,1,513,5,0
1,2,1412,6,0
8,0,870,1,0
3,6,555,1,0
0,8,1109,8,1
6,3,1169,0,0
4,4,815,0,0
8,1,158,5,0
9,3,894,4,0
8,4,952,3,0
1,1,192,9,0
6,8,535,8,1
8,8,1099,0,0
9,2,174,9,1
2,1,735,0,0
5,6,860,7,1
2,0,351,3,0
1,1,532,2,0
1,0,427,9,0
6,2,921,6,0
9,7,1375,5,0
6,6,567,5,0
5,2,629,1,0
6,7,1169,2,0
1,1,1409,6,0
8,4,815,5,0
4,5,1344,6,0
3,8,283,1,0
7,4,1437,6,0
8,1,84,7,1
5,0,1459,0,0
8,1,1327,3,0
0,3,210,0,0
2,6,1459,1,0
1,2,31,8,0
2,2,386,6,0
0,0,580,6,0
0,9,1274,0,0
8,2,334,6,0
0,0,1346,9,0
8,5,840,3,0
0,0,1276,5,0
1,2,956,5,0
5,7,178,3,0
3,7,1041,3,0
6,5,616,8,1
1,4,826,0,0
6,5,488,0,0
8,2,838,3,0
0,7,1000,9,1
6,0,1094,7,1
9,0,10,6,0
0,8,639,4,0
3,4,901,2,0
8,0,1155,7,1
5,4,910,0,0
2,3,215,0,0
1,0,1419,0,0
2,9,1423,3,0
8,0,984,3,0
8,2,661,9,1
5,6,868,9,1
1,2,939,0,0
7,6,386,6,0
3,1,1025,3,0
8,3,343,3,0
3,0,357,9,0
8,9,1216,8,1
5,6,716,3,0
7,2,1255,3,0
8,7,34,3,0
7,7,1242,2,0
0,7,1100,5,0
2,4,1301,4,0
3,4,207,7,0
0,4,268,5,0
5,0,543,8,1
6,7,756,9,1
3,5,1050,0,0
0,4,146,8,0
8,2,1102,9,1
2,5,158,4,0
4,1,9,8,1
0,9,150,2,0
4,8,1478,2,0
5,9,953,1,0
2,1,387,2,0
0,5,1160,2,0
8,1,1150,2,0
4,9,931,5,0
2,9,1465,4,0
4,5,792,2,0
9,3,343,7,1
5,5,48,1,0
8,0,575,5,0
8,0,976,0,0
2,5,1071,3,0
5,5,444,0,0
8,8,1111,1,0
7,5,815,8,1
6,7,13,7,1
5,5,900,1,0
7,2,1206,6,0
3,0,246,0,0
6,8,956,8,1
8,5,1035,4,0
7,6,932,3,0
0,6,789,2,0
8,4,1486,0,0
4,7,893,4,0
1,6,631,9,0
9,3,860,7,1
5,1,64,7,1
3,1,956,2,0
5,8,1105,8,1
0,3,1339,7,0
9,3,1188,7,1
3,5,1053,8,0
1,4,1347,0,0
8,9,680,1,0
7,0,111,7,1
2,4,483,6,0
3,0,168,9,0
2,2,1342,9,0
2,5,180,9,0
9,7,527,7,1
2,9,948,8,1
9,2,1430,3,0
1,6,571,6,0
3,3,284,7,0
1,3,753,8,0
2,2,860,0,0
0,5,567,7,0
4,6,1468,1,0
3,8,1317,4,0
8,7,1397,8,1
4,2,1376,0,0
1,9,1284,6,0
1,5,1026,7,0
8,9,498,8,1
4,7,1434,8,1
5,2,1019,2,0
1,5,1286,8,0
1,3,1079,7,0
8,4,563,0,0
9,4,1111,8,1
0,7,1275,7,1
6,8,45,5,0
9,5,901,2,0
2,4,1496,4,0
7,5,717,6,0
2,1,983,7,0
4,1,211,5,0
3,7,1433,7,1
1,6,1138,1,0
4,2,1067,7,1
6,3,908,1,0
5,2,1355,4,0
4,5,107,5,0
5,4,581,7,1
8,6,1130,6,0
1,2,542,7,0
9,5,582,4,0
3,7,843,1,0
3,1,1302,8,0
8,0,1163,7,1
4,0,1298,1,0
0,9,1448,1,0
1,4,1196,0,0
3,1,1072,1,0
5,7,334,7,1
0,6,1017,0,0
4,1,396,3,0
3,2,36,6,0
3,8,640,3,0
9,5,511,7,1
8,1,895,2,0
9,4,503,5,0
4,8,532,9,1
0,9,603,4,0
5,8,81,3,0
2,2,775,4,0
8,4,288,9,1
1,6,1155,1,0
8,9,414,7,1
5,6,183,3,0
4,9,388,7,1
4,2,436,5,0
0,3,134,8,0
7,3,167,2,0
6,7,1118,9,1
4,1,774,1,0
5,1,614,8,1
2,6,800,7,0
9,3,194,2,0
7,7,3,7,1
8,2,28,3,0
3,6,659,9,0
1,6,357,1,0
1,1,598,2,0
8,4,536,5,0
3,4,1356,5,0
0,2,172,6,0
2,8,851,3,0
1,4,644,2,0
7,5,765,9,1
1,7,99,4,0
6,3,1026,6,0
5,3,296,8,1
3,9,1052,5,0
7,1,541,5,0
8,7,1489,9,1
5,1,1235,0,0
0,6,1151,9,0
8,6,65,4,0
9,7,1170,6,0
9,6,484,9,1
3,4,1223,4,0
3,7,652,7,1
9,8,391,3,0
5,3,1381,9,1
4,2,171,9,1
3,9,954,1,0
0,6,389,8,0
5,4,556,3,0
3,1,1498,2,0
0,6,1046,9,0
7,5,644,8,1
3,7,1111,7,1
4,8,1069,2,0
8,1,1136,4,0
0,1,601,0,0
2,7,973,8,1
2,1,381,7,0
2,3,8,4,0
5,7,471,9,1
8,3,801,0,0
4,0,543,4,0
4,6,269,5,0
3,8,1458,2,0
8,1,998,5,0
8,3,473,0,0
2,4,676,7,0
5,7,811,3,0
5,0,1112,3,0
0,9,167,0,0
9,7,328,6,0
0,0,428,3,0
3,0,852,6,0
6,2,1223,4,0
4,7,857,2,0
6,3,546,2,0
4,5,43,2,0
5,1,89,7,1
3,2,1095,0,0
2,5,755,2,0
4,9,1401,9,1
6,8,1065,6,0
0,4,173,7,0
2,8,142,9,0
1,3,998,5,0
5,4,1116,7,1
5,9,733,4,0
4,6,689,9,1
6,7,871,9,1
1,2,562,2,0
2,0,1256,3,0
6,8,206,0,0
4,6,114,1,0
1,6,592,8,0
7,9,2,3,0
0,1,706,0,0
9,1,281,7,1
4,8,781,1,0
4,7,874,1,0
2,2,286,7,0
5,2,858,4,0
5,6,1416,6,0
7,6,956,9,1
0,1,126,7,0
8,6,1243,2,0
6,8,834,5,0
1,9,1428,9,1
6,4,825,7,1
5,4,885,5,0
6,5,1218,4,0
5,0,753,3,0
6,5,738,9,1
1,7,292,4,0
4,6,108,7,1
6,0,650,1,0
9,5,1103,0,0
3,6,985,0,0
9,3,150,2,0
1,4,1205,4,0
7,2,1249,0,0
2,8,1038,3,0
4,9,307,8,1
6,0,1398,7,1
7,8,1244,6,0
7,2,851,9,1
0,9,1466,0,0
8,0,151,2,0
0,8,707,2,0
1,4,1243,2,0
6,0,1,4,0
9,0,1397,6,0
6,6,401,4,0
7,3,694,0,0
3,6,366,6,0
0,0,238,0,0
7,1,220,7,1
9,5,249,6,0
0,2,667,3,0
0,9,22,7,0
0,4,243,5,0
2,8,171,0,0
8,3,1433,2,0
9,7,1301,3,0
4,1,486,0,0
0,0,579,8,0
8,3,363,4,0
9,6,746,7,1
1,8,681,8,1
5,7,269,4,0
2,1,600,9,0
2,3,336,5,0
9,8,283,4,0
6,5,985,9,1
7,1,1317,9,1
2,1,170,2,0
2,2,873,1,0
3,6,86,5,0
4,3,1252,4,0
5,5,802,5,0
7,7,884,9,1
8,4,613,4,0
7,7,1133,6,0
4,3,321,5,0
7,7,1353,0,0
5,9,673,2,0
5,8,429,7,1
4,8,718,4,0
7,3,1046,7,1
0,6,1479,8,0
8,4,1234,5,0
5,1,1263,8,1
7,5,566,3,0
6,3,418,5,0
1,1,1416,9,0
8,3,465,5,0
8,3,1245,9,1
1,3,996,6,0
7,2,1185,2,0
9,6,89,8,1
4,0,507,5,0
8,0,259,3,0
1,4,1323,2,0
1,0,1256,1,0
3,8,349,2,0
7,8,50,1,0
5,5,932,9,1
3,5,121,3,0
1,7,1307,7,1
5,1,1009,6,0
7,2,855,9,1
0,4,325,2,0
2,0,1171,7,0
0,4,65,4,0
9,5,898,8,1
3,2,906,9,0
9,1,23,7,1
5,4,116,1,0
9,7,918,4,0
3,2,568,1,0
2,3,400,3,0
6,8,1185,0,0
4,2,480,4,0
2,1,93,5,0
0,3,795,1,0
3,2,445,3,0
6,8,360,8,1
9,9,992,6,0
7,3,99,0,0
7,0,316,8,1
5,9,1420,6,0
0,8,527,5,0
4,0,134,6,0
5,0,198,9,1
1,9,773,5,0
4,1,1334,2,0
2,4,1165,7,0
1,9,1293,6,0
1,3,555,7,0
2,1,1325,0,0
4,9,588,4,0
7,6,1048,2,0
4,0,228,1,0
5,2,637,5,0
1,4,70,1,0
2,3,142,4,0
6,3,379,8,1
0,7,688,4,0
8,7,401,4,0
7,1,1113,7,1
9,5,864,9,1
7,3,733,5,0
4,4,1183,6,0
7,2,88,4,0
7,3,893,1,0
2,4,1223,0,0
6,9,1366,5,0
4,3,71,9,1
5,3,1252,0,0
4,7,283,5,0
4,2,1465,8,1
4,5,999,3,0
3,4,116,5,0
0,5,1113,6,0
1,2,1232,2,0
8,4,1216,0,0
1,6,209,2,0
5,0,708,9,1
7,5,0,9,1
3,8,957,3,0
6,3,195,3,0
5,2,1051,9,1
5,7,1282,4,0
0,9,498,5,0
6,1,1082,2,0
4,7,578,8,1
6,7,755,7,1
4,3,260,7,1
8,3,284,3,0
5,1,1346,0,0
2,4,1414,4,0
8,8,586,8,1
1,3,1187,2,0
6,6,20,4,0
4,6,269,9,1
6,3,779,1,0
4,5,1296,6,0
5,5,921,3,0
7,7,102,5,0
4,5,1215,8,1
3,2,1237,0,0
4,5,1229,6,0
7,9,1316,1,0
7,0,350,6,0
6,2,1044,8,1
0,6,1092,5,0
3,7,241,3,0
3,2,281,5,0
4,4,1168,5,0
8,8,1294,8,1
8,0,1023,1,0
9,1,1014,0,0
5,0,917,3,0
1,4,501,5,0
8,0,142,2,0
8,9,998,0,0
0,7,128,2,0
8,1,149,0,0
9,7,990,6,0
5,0,142,3,0
3,8,452,5,0
4,4,601,6,0
0,1,602,0,0
5,2,1255,5,0
4,7,1223,2,0
4,6,1170,4,0
3,1,111,4,0
0,1,417,6,0
5,0,814,1,0
9,9,1458,5,0
0,8,681,0,0
3,5,301,1,0
1,3,1125,1,0
6,4,879,5,0
0,6,1392,4,0
4,0,1021,4,0
6,5,437,6,0
2,2,814,7,0
5,6,641,3,0
8,3,109,5,0
1,4,1491,4,0
7,9,1303,4,0
7,5,1111,8,1
0,9,140,9,0
5,1,1039,6,0
8,8,76,6,0
6,9,1242,8,1
6,9,1085,6,0
9,0,807,3,0
1,0,1440,2,0
9,7,719,2,0
1,1,827,0,0
8,1,65,0,0
7,6,310,5,0
0,0,13,5,0
3,9,3,7,0
5,1,1280,1,0
2,2,33,4,0
9,2,1380,9,1
9,6,252,4,0
3,1,1343,2,0
6,3,700,7,1
6,5,574,7,1
9,5,344,0,0
7,8,1253,4,0
7,7,1232,2,0
9,9,1259,7,1
8,1,429,8,1
7,4,74,7,1
0,3,184,4,0
6,1,66,5,0
1,0,1454,7,0
6,9,806,2,0
1,2,1024,0,0
8,8,1302,5,0
3,2,1193,5,0
2,6,228,3,0
7,3,957,1,0
8,1,847,7,1
5,6,591,4,0
4,7,824,2,0
2,4,125,2,0
8,2,997,4,0
7,1,903,2,0
6,7,551,2,0
0,4,720,3,0
8,6,1007,4,0
1,6,1363,7,0
3,5,841,7,0
9,3,512,9,1
5,4,507,4,0
7,6,671,2,0
6,3,1364,8,1
7,4,925,4,0
3,3,294,2,0
2,7,253,8,0
1,6,307,1,0
6,7,827,5,0
4,4,15,3,0
2,5,733,8,0
7,0,400,7,1
4,8,737,6,0
8,6,981,7,1
6,8,614,1,0
9,5,689,8,1
6,0,385,9,1
7,6,791,6,0
2,7,853,4,0
7,2,599,8,1
2,7,1439,3,0
7,5,776,0,0
7,8,1127,5,0
9,4,1217,4,0
0,8,427,3,0
1,8,1392,0,0
9,5,1130,5,0
1,5,28,6,0
1,2,918,3,0
1,5,917,9,0
9,9,286,0,0
4,1,839,8,1
2,2,282,0,0
3,1,134,9,0
2,0,733,3,0
5,0,363,1,0
7,6,713,2,0
1,9,664,8,1
9,7,84,6,0
0,5,1435,2,0
9,4,1062,3,0
0,9,854,8,1
6,7,204,2,0
2,3,109,9,0
7,2,671,2,0
2,4,928,0,0
3,6,602,3,0
2,3,1329,7,0
8,3,542,2,0
5,2,236,5,0
1,9,975,6,0
1,7,379,0,0
7,7,627,8,1
7,4,1351,2,0
5,8,852,3,0
0,2,1347,5,0
9,8,540,6,0
2,5,305,7,0
0,4,13,0,0
9,3,919,1,0
1,7,1117,0,0
8,3,50,3,0
3,0,841,1,0
4,0,408,6,0
5,2,710,8,1
6,2,754,1,0
5,4,1298,0,0
7,4,328,1,0
2,5,877,2,0
7,1,661,2,0
4,2,1015,8,1
6,6,1027,3,0
8,0,67,6,0
6,9,1019,4,0
7,8,354,0,0
9,6,1161,1,0
1,3,352,5,0
4,1,540,3,0
8,7,545,0,0
2,8,876,3,0
4,1,887,5,0
2,3,1200,6,0
9,3,1239,5,0
9,3,197,9,1
5,7,1220,9,1
9,9,880,0,0
5,6,203,8,1
5,2,1420,7,1
3,6,486,5,0
6,0,1200,3,0
2,1,379,3,0
4,1,701,9,1
4,0,1268,7,1
5,6,168,6,0
4,7,1027,5,0
6,4,990,4,0
5,1,963,7,1
3,2,150,1,0
0,9,605,6,0
2,9,131,8,0
8,9,834,5,0
6,3,720,0,0
5,5,1275,4,0
6,4,183,9,1
6,6,724,9,1
5,3,496,5,0
9,9,452,8,1
7,1,764,4,0
5,5,177,2,0
2,2,1111,9,0
6,7,401,7,1
3,4,375,6,0
4,2,1408,1,0
3,5,1263,1,0
3,5,1344,0,0
3,6,720,6,0
6,0,994,7,1
3,4,460,5,0
9,1,523,7,1
0,6,752,9,0
6,0,257,3,0
2,9,831,3,0
3,1,529,0,0
6,8,831,9,1
4,9,712,9,1
8,3,939,4,0
3,1,989,2,0
3,9,1433,5,0
0,4,1091,9,0
5,7,1466,5,0
5,8,1377,6,0
4,8,622,1,0
5,6,151,7,1
8,6,581,8,1
6,9,542,5,0
4,0,413,7,1
8,5,387,8,1
4,8,379,7,1
5,5,33,4,0
8,0,796,6,0
1,3,250,7,0
2,0,1189,6,0
8,9,1068,7,1
5,7,260,4,0
6,5,665,8,1
9,5,1220,5,0
4,9,756,0,0
5,0,410,8,1
7,1,905,5,0
4,5,1455,4,0
9,3,1233,4,0
3,9,178,4,0
6,3,94,1,0
7,7,1182,0,0
2,3,1417,3,0
0,5,1437,5,0
2,2,20,7,0
7,1,824,7,1
0,5,1359,1,0
7,0,1096,0,0
4,7,650,3,0
0,2,699,9,0
2,4,637,0,0
5,8,1245,5,0
2,2,1214,6,0
6,9,1486,9,1
9,2,200,0,0
7,0,690,2,0
3,2,824,8,0
4,6,935,7,1
0,7,66,5,0
6,7,893,2,0
5,7,335,4,0
0,4,134,4,0
3,7,441,1,0
8,0,1032,3,0
0,3,473,0,0
3,1,465,2,0
9,5,225,0,0
1,5,1340,5,0
1,6,1114,4,0
1,9,274,3,0
5,8,936,1,0
3,5,710,8,0
5,5,1132,1,0
3,0,306,9,0
1,6,41,7,0
3,0,618,2,0
5,6,815,8,1
4,4,1426,4,0
6,9,450,1,0
2,2,1171,8,0
4,5,1259,0,0
5,3,1048,3,0
7,5,1357,0,0
0,3,1276,4,0
9,0,166,5,0
3,6,432,9,0
6,1,981,5,0
0,1,341,6,0
9,3,1068,8,1
1,9,1341,6,0
3,5,1112,9,0
1,6,1040,6,0
7,4,385,1,0
2,2,322,7,0
1,0,1374,5,0
2,3,1028,8,0
0,5,448,9,0
1,4,611,3,0
3,6,456,4,0
6,7,191,6,0
9,4,500,8,1
4,6,1027,2,0
0,4,107,5,0
7,1,898,7,1
1,4,828,5,0
2,9,618,8,1
1,1,965,8,0
8,6,3,0,0
8,7,435,1,0
5,3,876,3,0
1,0,405,0,0
7,2,153,5,0
9,8,312,6,0
9,9,1242,6,0
4,8,1360,2,0
3,0,522,0,0
0,2,1286,0,0
8,3,1070,1,0
1,8,232,1,0
7,1,124,8,1
6,0,1262,3,0
0,9,1091,4,0
2,6,251,9,0
2,1,916,3,0
1,2,1450,8,0
0,0,297,3,0
5,4,1353,2,0
4,8,187,3,0
0,2,720,6,0
5,4,529,9,1
3,6,101,7,0
6,7,1065,0,0
7,3,952,1,0
5,0,21,9,1
2,6,151,4,0
5,2,107,8,1
2,4,953,2,0
3,7,922,6,0
1,9,171,0,0
4,2,241,9,1
0,8,1428,0,0
2,3,1200,9,0
0,6,578,2,0
6,5,465,3,0
5,1,65,9,1
8,7,91,9,1
8,5,160,1,0
6,5,1235,0,0
0,1,1051,6,0
6,2,842,5,0
2,1,1395,7,0
9,4,761,6,0
0,6,753,1,0
1,3,1408,4,0
1,8,6,5,0
7,6,1242,7,1
2,4,1031,0,0
6,9,288,2,0
6,5,965,7,1
6,2,212,4,0
4,4,1382,2,0
5,4,1210,6,0
8,5,990,6,0
1,9,41,0,0
9,7,1036,4,0
5,3,54,3,0
0,5,364,8,0
6,1,1449,0,0
6,0,54,0,0
0,7,148,1,0
1,0,243,0,0
8,3,845,8,1
3,6,664,5,0
0,4,668,8,0
1,2,669,9,0
3,5,748,5,0
9,1,756,0,0
6,0,451,9,1
7,9,733,1,0
8,5,310,0,0
1,3,1178,1,0
3,6,1109,6,0
4,5,180,0,0
9,1,853,8,1
7,1,1169,8,1
8,6,1479,8,1
2,8,837,3,0
1,3,175,8,0
7,4,1064,5,0
1,1,290,6,0
0,5,1458,6,0
2,4,531,3,0
8,2,369,6,0
5,4,538,5,0
2,7,718,5,0
8,8,216,8,1
6,8,1421,3,0
0,4,619,0,0
1,7,1280,2,0
8,7,1069,8,1
8,1,589,0,0
9,6,1229,2,0
3,4,326,1,0
6,5,1053,4,0
7,6,254,2,0
0,4,1126,6,0
6,4,1409,7,1
2,9,1036,6,0
2,8,555,7,0
2,9,608,7,1
5,0,1186,1,0
4,9,531,2,0
3,0,1462,3,0
9,1,900,5,0
3,9,184,6,0
8,2,752,7,1
9,4,334,2,0
2,4,22,7,0
8,0,786,9,1
0,8,624,2,0
2,9,1021,6,0
9,3,677,9,1
8,0,1070,6,0
2,9,1306,8,1
